"ID"	"自动激活等级"	"道具ID"	"地图id"	"随机坐标"	""	""	""	""	""	""	
"id"	"grade"	"itemid"	"mapid"	"location"	""	""	""	""	""	""	
"int"	"int"	"int"	"int"	"float[3]"	""	""	""	""	""	""	
"cs"	"cs"	"cs"	"cs"	"cs"	""	""	""	""	""	""	
"1"	"1"	"141001"	"1001"	"60.9,50.8,225.7"	""	""	""	""	""	""	
"2"	"1"	"141002"	"1001"	"128.6,50.0,224.1"	""	""	""	""	""	""	
"3"	"1"	"141003"	"1001"	"293.3,50.1,334.5"	""	""	""	""	""	""	
"4"	"1"	"141004"	"1001"	"409.4,56.1,375.8"	""	""	""	""	""	""	
"5"	"1"	"141005"	"1001"	"374.9,50.9,305.1"	""	""	""	""	""	""	
"6"	"1"	"141006"	"1001"	"376.9,50.2,260.0"	""	""	""	""	""	""	
"7"	"1"	"141007"	"1001"	"447.9,51.2,97.7"	""	""	""	""	""	""	
"8"	"1"	"141008"	"1001"	"357.1,51.6,145.5"	""	""	""	""	""	""	
"9"	"1"	"141009"	"1001"	"244.4,50.4,249.7"	""	""	""	""	""	""	
"10"	"1"	"141010"	"1001"	"188.8,45.0,35.3"	""	""	""	""	""	""	
"11"	"25"	"141001"	"1001"	"60.9,50.8,225.7"	""	""	""	""	""	""	
"12"	"25"	"141002"	"1001"	"128.6,50.0,224.1"	""	""	""	""	""	""	
"13"	"25"	"141003"	"1001"	"293.3,50.1,334.5"	""	""	""	""	""	""	
"14"	"25"	"141004"	"1001"	"409.4,56.1,375.8"	""	""	""	""	""	""	
"15"	"25"	"141005"	"1001"	"374.9,50.9,305.1"	""	""	""	""	""	""	
"16"	"25"	"141006"	"1001"	"376.9,50.2,260.0"	""	""	""	""	""	""	
"17"	"25"	"141007"	"1001"	"447.9,51.2,97.7"	""	""	""	""	""	""	
"18"	"25"	"141008"	"1001"	"357.1,51.6,145.5"	""	""	""	""	""	""	
"19"	"25"	"141009"	"1001"	"244.4,50.4,249.7"	""	""	""	""	""	""	
"20"	"25"	"141010"	"1001"	"188.8,45.0,35.3"	""	""	""	""	""	""	
"21"	"25"	"141011"	"1002"	"111.8,40.7,341.8"	""	""	""	""	""	""	
"22"	"25"	"141012"	"1002"	"250.0,40.4,46.2"	""	""	""	""	""	""	
"23"	"25"	"141013"	"1002"	"243.3,40.0,155.7"	""	""	""	""	""	""	
"24"	"25"	"141014"	"1002"	"237.1,42.1,207.6"	""	""	""	""	""	""	
"25"	"25"	"141015"	"1002"	"376.0,40.4,172.7"	""	""	""	""	""	""	
"26"	"25"	"141016"	"1002"	"425.4,39.8,107.0"	""	""	""	""	""	""	
"27"	"25"	"141017"	"1002"	"422.4,41.3,169.9"	""	""	""	""	""	""	
"28"	"25"	"141018"	"1002"	"436.0,40.4,280.0"	""	""	""	""	""	""	
"29"	"25"	"141019"	"1002"	"436.5,39.9,394.6"	""	""	""	""	""	""	
"30"	"25"	"141020"	"1002"	"409.5,40.1,120.7"	""	""	""	""	""	""	
"31"	"40"	"141001"	"1001"	"60.9,50.8,225.7"	""	""	""	""	""	""	
"32"	"40"	"141002"	"1001"	"128.6,50.0,224.1"	""	""	""	""	""	""	
"33"	"40"	"141003"	"1001"	"293.3,50.1,334.5"	""	""	""	""	""	""	
"34"	"40"	"141004"	"1001"	"409.4,56.1,375.8"	""	""	""	""	""	""	
"35"	"40"	"141005"	"1001"	"374.9,50.9,305.1"	""	""	""	""	""	""	
"36"	"40"	"141006"	"1001"	"376.9,50.2,260.0"	""	""	""	""	""	""	
"37"	"40"	"141007"	"1001"	"447.9,51.2,97.7"	""	""	""	""	""	""	
"38"	"40"	"141008"	"1001"	"357.1,51.6,145.5"	""	""	""	""	""	""	
"39"	"40"	"141009"	"1001"	"244.4,50.4,249.7"	""	""	""	""	""	""	
"40"	"40"	"141010"	"1001"	"188.8,45.0,35.3"	""	""	""	""	""	""	
"41"	"40"	"141011"	"1002"	"111.8,40.7,341.8"	""	""	""	""	""	""	
"42"	"40"	"141012"	"1002"	"250.0,40.4,46.2"	""	""	""	""	""	""	
"43"	"40"	"141013"	"1002"	"243.3,40.0,155.7"	""	""	""	""	""	""	
"44"	"40"	"141014"	"1002"	"237.1,42.1,207.6"	""	""	""	""	""	""	
"45"	"40"	"141015"	"1002"	"376.0,40.4,172.7"	""	""	""	""	""	""	
"46"	"40"	"141016"	"1002"	"425.4,39.8,107.0"	""	""	""	""	""	""	
"47"	"40"	"141017"	"1002"	"422.4,41.3,169.9"	""	""	""	""	""	""	
"48"	"40"	"141018"	"1002"	"436.0,40.4,280.0"	""	""	""	""	""	""	
"49"	"40"	"141019"	"1002"	"436.5,39.9,394.6"	""	""	""	""	""	""	
"50"	"40"	"141020"	"1002"	"409.5,40.1,120.7"	""	""	""	""	""	""	
"51"	"40"	"141021"	"1003"	"473.5,39.8,270.0"	""	""	""	""	""	""	
"52"	"40"	"141022"	"1003"	"402.1,40.2,192.1"	""	""	""	""	""	""	
"53"	"40"	"141023"	"1003"	"162.3,39.9,286.2"	""	""	""	""	""	""	
"54"	"40"	"141024"	"1003"	"230.5,40.1,64.3"	""	""	""	""	""	""	
"55"	"40"	"141025"	"1003"	"176.3,40.9,128.8"	""	""	""	""	""	""	
"56"	"40"	"141026"	"1003"	"254.9,40.2,196.4"	""	""	""	""	""	""	
"57"	"40"	"141027"	"1003"	"400.1,49.2,98.6"	""	""	""	""	""	""	
"58"	"40"	"141028"	"1003"	"405.3,46.2,149.4"	""	""	""	""	""	""	
"59"	"40"	"141029"	"1003"	"345.9,40.5,368.8"	""	""	""	""	""	""	
"60"	"40"	"141030"	"1003"	"203.2,40.2,462.4"	""	""	""	""	""	""	
"61"	"50"	"141001"	"1001"	"60.9,50.8,225.7"	""	""	""	""	""	""	
"62"	"50"	"141002"	"1001"	"128.6,50.0,224.1"	""	""	""	""	""	""	
"63"	"50"	"141003"	"1001"	"293.3,50.1,334.5"	""	""	""	""	""	""	
"64"	"50"	"141004"	"1001"	"409.4,56.1,375.8"	""	""	""	""	""	""	
"65"	"50"	"141005"	"1001"	"374.9,50.9,305.1"	""	""	""	""	""	""	
"66"	"50"	"141006"	"1001"	"376.9,50.2,260.0"	""	""	""	""	""	""	
"67"	"50"	"141007"	"1001"	"447.9,51.2,97.7"	""	""	""	""	""	""	
"68"	"50"	"141008"	"1001"	"357.1,51.6,145.5"	""	""	""	""	""	""	
"69"	"50"	"141009"	"1001"	"244.4,50.4,249.7"	""	""	""	""	""	""	
"70"	"50"	"141010"	"1001"	"188.8,45.0,35.3"	""	""	""	""	""	""	
"71"	"50"	"141011"	"1002"	"111.8,40.7,341.8"	""	""	""	""	""	""	
"72"	"50"	"141012"	"1002"	"250.0,40.4,46.2"	""	""	""	""	""	""	
"73"	"50"	"141013"	"1002"	"243.3,40.0,155.7"	""	""	""	""	""	""	
"74"	"50"	"141014"	"1002"	"237.1,42.1,207.6"	""	""	""	""	""	""	
"75"	"50"	"141015"	"1002"	"376.0,40.4,172.7"	""	""	""	""	""	""	
"76"	"50"	"141016"	"1002"	"425.4,39.8,107.0"	""	""	""	""	""	""	
"77"	"50"	"141017"	"1002"	"422.4,41.3,169.9"	""	""	""	""	""	""	
"78"	"50"	"141018"	"1002"	"436.0,40.4,280.0"	""	""	""	""	""	""	
"79"	"50"	"141019"	"1002"	"436.5,39.9,394.6"	""	""	""	""	""	""	
"80"	"50"	"141020"	"1002"	"409.5,40.1,120.7"	""	""	""	""	""	""	
"81"	"50"	"141021"	"1003"	"473.5,39.8,270.0"	""	""	""	""	""	""	
"82"	"50"	"141022"	"1003"	"402.1,40.2,192.1"	""	""	""	""	""	""	
"83"	"50"	"141023"	"1003"	"162.3,39.9,286.2"	""	""	""	""	""	""	
"84"	"50"	"141024"	"1003"	"230.5,40.1,64.3"	""	""	""	""	""	""	
"85"	"50"	"141025"	"1003"	"176.3,40.9,128.8"	""	""	""	""	""	""	
"86"	"50"	"141026"	"1003"	"254.9,40.2,196.4"	""	""	""	""	""	""	
"87"	"50"	"141027"	"1003"	"400.1,49.2,98.6"	""	""	""	""	""	""	
"88"	"50"	"141028"	"1003"	"405.3,46.2,149.4"	""	""	""	""	""	""	
"89"	"50"	"141029"	"1003"	"345.9,40.5,368.8"	""	""	""	""	""	""	
"90"	"50"	"141030"	"1003"	"203.2,40.2,462.4"	""	""	""	""	""	""	
"91"	"100"	"141001"	"1001"	"60.9,50.8,225.7"	""	""	""	""	""	""	
"92"	"100"	"141002"	"1001"	"128.6,50.0,224.1"	""	""	""	""	""	""	
"93"	"100"	"141003"	"1001"	"293.3,50.1,334.5"	""	""	""	""	""	""	
"94"	"100"	"141004"	"1001"	"409.4,56.1,375.8"	""	""	""	""	""	""	
"95"	"100"	"141005"	"1001"	"374.9,50.9,305.1"	""	""	""	""	""	""	
"96"	"100"	"141006"	"1001"	"376.9,50.2,260.0"	""	""	""	""	""	""	
"97"	"100"	"141007"	"1001"	"447.9,51.2,97.7"	""	""	""	""	""	""	
"98"	"100"	"141008"	"1001"	"357.1,51.6,145.5"	""	""	""	""	""	""	
"99"	"100"	"141009"	"1001"	"244.4,50.4,249.7"	""	""	""	""	""	""	
"100"	"100"	"141010"	"1001"	"188.8,45.0,35.3"	""	""	""	""	""	""	
"101"	"100"	"141011"	"1002"	"111.8,40.7,341.8"	""	""	""	""	""	""	
"102"	"100"	"141012"	"1002"	"250.0,40.4,46.2"	""	""	""	""	""	""	
"103"	"100"	"141013"	"1002"	"243.3,40.0,155.7"	""	""	""	""	""	""	
"104"	"100"	"141014"	"1002"	"237.1,42.1,207.6"	""	""	""	""	""	""	
"105"	"100"	"141015"	"1002"	"376.0,40.4,172.7"	""	""	""	""	""	""	
"106"	"100"	"141016"	"1002"	"425.4,39.8,107.0"	""	""	""	""	""	""	
"107"	"100"	"141017"	"1002"	"422.4,41.3,169.9"	""	""	""	""	""	""	
"108"	"100"	"141018"	"1002"	"436.0,40.4,280.0"	""	""	""	""	""	""	
"109"	"100"	"141019"	"1002"	"436.5,39.9,394.6"	""	""	""	""	""	""	
"110"	"100"	"141020"	"1002"	"409.5,40.1,120.7"	""	""	""	""	""	""	
"111"	"100"	"141021"	"1003"	"473.5,39.8,270.0"	""	""	""	""	""	""	
"112"	"100"	"141022"	"1003"	"402.1,40.2,192.1"	""	""	""	""	""	""	
"113"	"100"	"141023"	"1003"	"162.3,39.9,286.2"	""	""	""	""	""	""	
"114"	"100"	"141024"	"1003"	"230.5,40.1,64.3"	""	""	""	""	""	""	
"115"	"100"	"141025"	"1003"	"176.3,40.9,128.8"	""	""	""	""	""	""	
"116"	"100"	"141026"	"1003"	"254.9,40.2,196.4"	""	""	""	""	""	""	
"117"	"100"	"141027"	"1003"	"400.1,49.2,98.6"	""	""	""	""	""	""	
"118"	"100"	"141028"	"1003"	"405.3,46.2,149.4"	""	""	""	""	""	""	
"119"	"100"	"141029"	"1003"	"345.9,40.5,368.8"	""	""	""	""	""	""	
"120"	"100"	"141030"	"1003"	"203.2,40.2,462.4"	""	""	""	""	""	""	
"121"	"120"	"141001"	"1001"	"60.9,50.8,225.7"	""	""	""	""	""	""	
"122"	"120"	"141002"	"1001"	"128.6,50.0,224.1"	""	""	""	""	""	""	
"123"	"120"	"141003"	"1001"	"293.3,50.1,334.5"	""	""	""	""	""	""	
"124"	"120"	"141004"	"1001"	"409.4,56.1,375.8"	""	""	""	""	""	""	
"125"	"120"	"141005"	"1001"	"374.9,50.9,305.1"	""	""	""	""	""	""	
"126"	"120"	"141006"	"1001"	"376.9,50.2,260.0"	""	""	""	""	""	""	
"127"	"120"	"141007"	"1001"	"447.9,51.2,97.7"	""	""	""	""	""	""	
"128"	"120"	"141008"	"1001"	"357.1,51.6,145.5"	""	""	""	""	""	""	
"129"	"120"	"141009"	"1001"	"244.4,50.4,249.7"	""	""	""	""	""	""	
"130"	"120"	"141010"	"1001"	"188.8,45.0,35.3"	""	""	""	""	""	""	
"131"	"120"	"141011"	"1002"	"111.8,40.7,341.8"	""	""	""	""	""	""	
"132"	"120"	"141012"	"1002"	"250.0,40.4,46.2"	""	""	""	""	""	""	
"133"	"120"	"141013"	"1002"	"243.3,40.0,155.7"	""	""	""	""	""	""	
"134"	"120"	"141014"	"1002"	"237.1,42.1,207.6"	""	""	""	""	""	""	
"135"	"120"	"141015"	"1002"	"376.0,40.4,172.7"	""	""	""	""	""	""	
"136"	"120"	"141016"	"1002"	"425.4,39.8,107.0"	""	""	""	""	""	""	
"137"	"120"	"141017"	"1002"	"422.4,41.3,169.9"	""	""	""	""	""	""	
"138"	"120"	"141018"	"1002"	"436.0,40.4,280.0"	""	""	""	""	""	""	
"139"	"120"	"141019"	"1002"	"436.5,39.9,394.6"	""	""	""	""	""	""	
"140"	"120"	"141020"	"1002"	"409.5,40.1,120.7"	""	""	""	""	""	""	
"141"	"120"	"141021"	"1003"	"473.5,39.8,270.0"	""	""	""	""	""	""	
"142"	"120"	"141022"	"1003"	"402.1,40.2,192.1"	""	""	""	""	""	""	
"143"	"120"	"141023"	"1003"	"162.3,39.9,286.2"	""	""	""	""	""	""	
"144"	"120"	"141024"	"1003"	"230.5,40.1,64.3"	""	""	""	""	""	""	
"145"	"120"	"141025"	"1003"	"176.3,40.9,128.8"	""	""	""	""	""	""	
"146"	"120"	"141026"	"1003"	"254.9,40.2,196.4"	""	""	""	""	""	""	
"147"	"120"	"141027"	"1003"	"400.1,49.2,98.6"	""	""	""	""	""	""	
"148"	"120"	"141028"	"1003"	"405.3,46.2,149.4"	""	""	""	""	""	""	
"149"	"120"	"141029"	"1003"	"345.9,40.5,368.8"	""	""	""	""	""	""	
"150"	"120"	"141030"	"1003"	"203.2,40.2,462.4"	""	""	""	""	""	""	
"151"	"120"	"141031"	"1004"	"285.7,10.0,303.9"	""	""	""	""	""	""	
"152"	"120"	"141032"	"1004"	"277.6,11.0,46.5"	""	""	""	""	""	""	
"153"	"120"	"141033"	"1004"	"293.3,11.6,94.3"	""	""	""	""	""	""	
"154"	"120"	"141034"	"1004"	"132.0,13.0,133.1"	""	""	""	""	""	""	
"155"	"120"	"141035"	"1004"	"69.0,16.7,41.3"	""	""	""	""	""	""	
"156"	"120"	"141036"	"1004"	"154.5,11.0,238.4"	""	""	""	""	""	""	
"157"	"120"	"141037"	"1004"	"282.8,10.0,297.5"	""	""	""	""	""	""	
"158"	"120"	"141038"	"1004"	"398.1,10.1,294.1"	""	""	""	""	""	""	
"159"	"120"	"141039"	"1004"	"250.0,10.0,436.3"	""	""	""	""	""	""	
"160"	"120"	"141040"	"1004"	"64.8,26.2,355.7"	""	""	""	""	""	""	
"161"	"140"	"141001"	"1001"	"60.9,50.8,225.7"	""	""	""	""	""	""	
"162"	"140"	"141002"	"1001"	"128.6,50.0,224.1"	""	""	""	""	""	""	
"163"	"140"	"141003"	"1001"	"293.3,50.1,334.5"	""	""	""	""	""	""	
"164"	"140"	"141004"	"1001"	"409.4,56.1,375.8"	""	""	""	""	""	""	
"165"	"140"	"141005"	"1001"	"374.9,50.9,305.1"	""	""	""	""	""	""	
"166"	"140"	"141006"	"1001"	"376.9,50.2,260.0"	""	""	""	""	""	""	
"167"	"140"	"141007"	"1001"	"447.9,51.2,97.7"	""	""	""	""	""	""	
"168"	"140"	"141008"	"1001"	"357.1,51.6,145.5"	""	""	""	""	""	""	
"169"	"140"	"141009"	"1001"	"244.4,50.4,249.7"	""	""	""	""	""	""	
"170"	"140"	"141010"	"1001"	"188.8,45.0,35.3"	""	""	""	""	""	""	
"171"	"140"	"141011"	"1002"	"111.8,40.7,341.8"	""	""	""	""	""	""	
"172"	"140"	"141012"	"1002"	"250.0,40.4,46.2"	""	""	""	""	""	""	
"173"	"140"	"141013"	"1002"	"243.3,40.0,155.7"	""	""	""	""	""	""	
"174"	"140"	"141014"	"1002"	"237.1,42.1,207.6"	""	""	""	""	""	""	
"175"	"140"	"141015"	"1002"	"376.0,40.4,172.7"	""	""	""	""	""	""	
"176"	"140"	"141016"	"1002"	"425.4,39.8,107.0"	""	""	""	""	""	""	
"177"	"140"	"141017"	"1002"	"422.4,41.3,169.9"	""	""	""	""	""	""	
"178"	"140"	"141018"	"1002"	"436.0,40.4,280.0"	""	""	""	""	""	""	
"179"	"140"	"141019"	"1002"	"436.5,39.9,394.6"	""	""	""	""	""	""	
"180"	"140"	"141020"	"1002"	"409.5,40.1,120.7"	""	""	""	""	""	""	
"181"	"140"	"141021"	"1003"	"473.5,39.8,270.0"	""	""	""	""	""	""	
"182"	"140"	"141022"	"1003"	"402.1,40.2,192.1"	""	""	""	""	""	""	
"183"	"140"	"141023"	"1003"	"162.3,39.9,286.2"	""	""	""	""	""	""	
"184"	"140"	"141024"	"1003"	"230.5,40.1,64.3"	""	""	""	""	""	""	
"185"	"140"	"141025"	"1003"	"176.3,40.9,128.8"	""	""	""	""	""	""	
"186"	"140"	"141026"	"1003"	"254.9,40.2,196.4"	""	""	""	""	""	""	
"187"	"140"	"141027"	"1003"	"400.1,49.2,98.6"	""	""	""	""	""	""	
"188"	"140"	"141028"	"1003"	"405.3,46.2,149.4"	""	""	""	""	""	""	
"189"	"140"	"141029"	"1003"	"345.9,40.5,368.8"	""	""	""	""	""	""	
"190"	"140"	"141030"	"1003"	"203.2,40.2,462.4"	""	""	""	""	""	""	
"191"	"140"	"141031"	"1004"	"285.7,10.0,303.9"	""	""	""	""	""	""	
"192"	"140"	"141032"	"1004"	"277.6,11.0,46.5"	""	""	""	""	""	""	
"193"	"140"	"141033"	"1004"	"293.3,11.6,94.3"	""	""	""	""	""	""	
"194"	"140"	"141034"	"1004"	"132.0,13.0,133.1"	""	""	""	""	""	""	
"195"	"140"	"141035"	"1004"	"69.0,16.7,41.3"	""	""	""	""	""	""	
"196"	"140"	"141036"	"1004"	"154.5,11.0,238.4"	""	""	""	""	""	""	
"197"	"140"	"141037"	"1004"	"282.8,10.0,297.5"	""	""	""	""	""	""	
"198"	"140"	"141038"	"1004"	"398.1,10.1,294.1"	""	""	""	""	""	""	
"199"	"140"	"141039"	"1004"	"250.0,10.0,436.3"	""	""	""	""	""	""	
"200"	"140"	"141040"	"1004"	"64.8,26.2,355.7"	""	""	""	""	""	""	
"201"	"150"	"141001"	"1001"	"60.9,50.8,225.7"	""	""	""	""	""	""	
"202"	"150"	"141002"	"1001"	"128.6,50.0,224.1"	""	""	""	""	""	""	
"203"	"150"	"141003"	"1001"	"293.3,50.1,334.5"	""	""	""	""	""	""	
"204"	"150"	"141004"	"1001"	"409.4,56.1,375.8"	""	""	""	""	""	""	
"205"	"150"	"141005"	"1001"	"374.9,50.9,305.1"	""	""	""	""	""	""	
"206"	"150"	"141006"	"1001"	"376.9,50.2,260.0"	""	""	""	""	""	""	
"207"	"150"	"141007"	"1001"	"447.9,51.2,97.7"	""	""	""	""	""	""	
"208"	"150"	"141008"	"1001"	"357.1,51.6,145.5"	""	""	""	""	""	""	
"209"	"150"	"141009"	"1001"	"244.4,50.4,249.7"	""	""	""	""	""	""	
"210"	"150"	"141010"	"1001"	"188.8,45.0,35.3"	""	""	""	""	""	""	
"211"	"150"	"141011"	"1002"	"111.8,40.7,341.8"	""	""	""	""	""	""	
"212"	"150"	"141012"	"1002"	"250.0,40.4,46.2"	""	""	""	""	""	""	
"213"	"150"	"141013"	"1002"	"243.3,40.0,155.7"	""	""	""	""	""	""	
"214"	"150"	"141014"	"1002"	"237.1,42.1,207.6"	""	""	""	""	""	""	
"215"	"150"	"141015"	"1002"	"376.0,40.4,172.7"	""	""	""	""	""	""	
"216"	"150"	"141016"	"1002"	"425.4,39.8,107.0"	""	""	""	""	""	""	
"217"	"150"	"141017"	"1002"	"422.4,41.3,169.9"	""	""	""	""	""	""	
"218"	"150"	"141018"	"1002"	"436.0,40.4,280.0"	""	""	""	""	""	""	
"219"	"150"	"141019"	"1002"	"436.5,39.9,394.6"	""	""	""	""	""	""	
"220"	"150"	"141020"	"1002"	"409.5,40.1,120.7"	""	""	""	""	""	""	
"221"	"150"	"141021"	"1003"	"473.5,39.8,270.0"	""	""	""	""	""	""	
"222"	"150"	"141022"	"1003"	"402.1,40.2,192.1"	""	""	""	""	""	""	
"223"	"150"	"141023"	"1003"	"162.3,39.9,286.2"	""	""	""	""	""	""	
"224"	"150"	"141024"	"1003"	"230.5,40.1,64.3"	""	""	""	""	""	""	
"225"	"150"	"141025"	"1003"	"176.3,40.9,128.8"	""	""	""	""	""	""	
"226"	"150"	"141026"	"1003"	"254.9,40.2,196.4"	""	""	""	""	""	""	
"227"	"150"	"141027"	"1003"	"400.1,49.2,98.6"	""	""	""	""	""	""	
"228"	"150"	"141028"	"1003"	"405.3,46.2,149.4"	""	""	""	""	""	""	
"229"	"150"	"141029"	"1003"	"345.9,40.5,368.8"	""	""	""	""	""	""	
"230"	"150"	"141030"	"1003"	"203.2,40.2,462.4"	""	""	""	""	""	""	
"231"	"150"	"141031"	"1004"	"285.7,10.0,303.9"	""	""	""	""	""	""	
"232"	"150"	"141032"	"1004"	"277.6,11.0,46.5"	""	""	""	""	""	""	
"233"	"150"	"141033"	"1004"	"293.3,11.6,94.3"	""	""	""	""	""	""	
"234"	"150"	"141034"	"1004"	"132.0,13.0,133.1"	""	""	""	""	""	""	
"235"	"150"	"141035"	"1004"	"69.0,16.7,41.3"	""	""	""	""	""	""	
"236"	"150"	"141036"	"1004"	"154.5,11.0,238.4"	""	""	""	""	""	""	
"237"	"150"	"141037"	"1004"	"282.8,10.0,297.5"	""	""	""	""	""	""	
"238"	"150"	"141038"	"1004"	"398.1,10.1,294.1"	""	""	""	""	""	""	
"239"	"150"	"141039"	"1004"	"250.0,10.0,436.3"	""	""	""	""	""	""	
"240"	"150"	"141040"	"1004"	"64.8,26.2,355.7"	""	""	""	""	""	""	
"241"	"150"	"141041"	"1006"	"334.1,55.1,84.9"	""	""	""	""	""	""	
"242"	"150"	"141042"	"1006"	"397.1,60.0,33.3"	""	""	""	""	""	""	
"243"	"150"	"141043"	"1006"	"393.1,40.0,161.5"	""	""	""	""	""	""	
"244"	"150"	"141044"	"1006"	"358.9,35.0,262.7"	""	""	""	""	""	""	
"245"	"150"	"141045"	"1006"	"312.6,4.5,391.3"	""	""	""	""	""	""	
"246"	"150"	"141046"	"1006"	"161.6,0.1,349.6"	""	""	""	""	""	""	
"247"	"150"	"141047"	"1006"	"125.0,0.1,438.9"	""	""	""	""	""	""	
"248"	"150"	"141048"	"1006"	"212.4,10.8,75.4"	""	""	""	""	""	""	
"249"	"150"	"141049"	"1006"	"340.5,46.1,181.0"	""	""	""	""	""	""	
"250"	"150"	"141050"	"1006"	"452.6,64.8,41.1"	""	""	""	""	""	""	
"251"	"180"	"141001"	"1001"	"60.9,50.8,225.7"	""	""	""	""	""	""	
"252"	"180"	"141002"	"1001"	"128.6,50.0,224.1"	""	""	""	""	""	""	
"253"	"180"	"141003"	"1001"	"293.3,50.1,334.5"	""	""	""	""	""	""	
"254"	"180"	"141004"	"1001"	"409.4,56.1,375.8"	""	""	""	""	""	""	
"255"	"180"	"141005"	"1001"	"374.9,50.9,305.1"	""	""	""	""	""	""	
"256"	"180"	"141006"	"1001"	"376.9,50.2,260.0"	""	""	""	""	""	""	
"257"	"180"	"141007"	"1001"	"447.9,51.2,97.7"	""	""	""	""	""	""	
"258"	"180"	"141008"	"1001"	"357.1,51.6,145.5"	""	""	""	""	""	""	
"259"	"180"	"141009"	"1001"	"244.4,50.4,249.7"	""	""	""	""	""	""	
"260"	"180"	"141010"	"1001"	"188.8,45.0,35.3"	""	""	""	""	""	""	
"261"	"180"	"141011"	"1002"	"111.8,40.7,341.8"	""	""	""	""	""	""	
"262"	"180"	"141012"	"1002"	"250.0,40.4,46.2"	""	""	""	""	""	""	
"263"	"180"	"141013"	"1002"	"243.3,40.0,155.7"	""	""	""	""	""	""	
"264"	"180"	"141014"	"1002"	"237.1,42.1,207.6"	""	""	""	""	""	""	
"265"	"180"	"141015"	"1002"	"376.0,40.4,172.7"	""	""	""	""	""	""	
"266"	"180"	"141016"	"1002"	"425.4,39.8,107.0"	""	""	""	""	""	""	
"267"	"180"	"141017"	"1002"	"422.4,41.3,169.9"	""	""	""	""	""	""	
"268"	"180"	"141018"	"1002"	"436.0,40.4,280.0"	""	""	""	""	""	""	
"269"	"180"	"141019"	"1002"	"436.5,39.9,394.6"	""	""	""	""	""	""	
"270"	"180"	"141020"	"1002"	"409.5,40.1,120.7"	""	""	""	""	""	""	
"271"	"180"	"141021"	"1003"	"473.5,39.8,270.0"	""	""	""	""	""	""	
"272"	"180"	"141022"	"1003"	"402.1,40.2,192.1"	""	""	""	""	""	""	
"273"	"180"	"141023"	"1003"	"162.3,39.9,286.2"	""	""	""	""	""	""	
"274"	"180"	"141024"	"1003"	"230.5,40.1,64.3"	""	""	""	""	""	""	
"275"	"180"	"141025"	"1003"	"176.3,40.9,128.8"	""	""	""	""	""	""	
"276"	"180"	"141026"	"1003"	"254.9,40.2,196.4"	""	""	""	""	""	""	
"277"	"180"	"141027"	"1003"	"400.1,49.2,98.6"	""	""	""	""	""	""	
"278"	"180"	"141028"	"1003"	"405.3,46.2,149.4"	""	""	""	""	""	""	
"279"	"180"	"141029"	"1003"	"345.9,40.5,368.8"	""	""	""	""	""	""	
"280"	"180"	"141030"	"1003"	"203.2,40.2,462.4"	""	""	""	""	""	""	
"281"	"180"	"141031"	"1004"	"285.7,10.0,303.9"	""	""	""	""	""	""	
"282"	"180"	"141032"	"1004"	"277.6,11.0,46.5"	""	""	""	""	""	""	
"283"	"180"	"141033"	"1004"	"293.3,11.6,94.3"	""	""	""	""	""	""	
"284"	"180"	"141034"	"1004"	"132.0,13.0,133.1"	""	""	""	""	""	""	
"285"	"180"	"141035"	"1004"	"69.0,16.7,41.3"	""	""	""	""	""	""	
"286"	"180"	"141036"	"1004"	"154.5,11.0,238.4"	""	""	""	""	""	""	
"287"	"180"	"141037"	"1004"	"282.8,10.0,297.5"	""	""	""	""	""	""	
"288"	"180"	"141038"	"1004"	"398.1,10.1,294.1"	""	""	""	""	""	""	
"289"	"180"	"141039"	"1004"	"250.0,10.0,436.3"	""	""	""	""	""	""	
"290"	"180"	"141040"	"1004"	"64.8,26.2,355.7"	""	""	""	""	""	""	
"291"	"180"	"141041"	"1006"	"334.1,55.1,84.9"	""	""	""	""	""	""	
"292"	"180"	"141042"	"1006"	"397.1,60.0,33.3"	""	""	""	""	""	""	
"293"	"180"	"141043"	"1006"	"393.1,40.0,161.5"	""	""	""	""	""	""	
"294"	"180"	"141044"	"1006"	"358.9,35.0,262.7"	""	""	""	""	""	""	
"295"	"180"	"141045"	"1006"	"312.6,4.5,391.3"	""	""	""	""	""	""	
"296"	"180"	"141046"	"1006"	"161.6,0.1,349.6"	""	""	""	""	""	""	
"297"	"180"	"141047"	"1006"	"125.0,0.1,438.9"	""	""	""	""	""	""	
"298"	"180"	"141048"	"1006"	"212.4,10.8,75.4"	""	""	""	""	""	""	
"299"	"180"	"141049"	"1006"	"340.5,46.1,181.0"	""	""	""	""	""	""	
"300"	"180"	"141050"	"1006"	"452.6,64.8,41.1"	""	""	""	""	""	""	
"301"	"220"	"141001"	"1001"	"60.9,50.8,225.7"	""	""	""	""	""	""	
"302"	"220"	"141002"	"1001"	"128.6,50.0,224.1"	""	""	""	""	""	""	
"303"	"220"	"141003"	"1001"	"293.3,50.1,334.5"	""	""	""	""	""	""	
"304"	"220"	"141004"	"1001"	"409.4,56.1,375.8"	""	""	""	""	""	""	
"305"	"220"	"141005"	"1001"	"374.9,50.9,305.1"	""	""	""	""	""	""	
"306"	"220"	"141006"	"1001"	"376.9,50.2,260.0"	""	""	""	""	""	""	
"307"	"220"	"141007"	"1001"	"447.9,51.2,97.7"	""	""	""	""	""	""	
"308"	"220"	"141008"	"1001"	"357.1,51.6,145.5"	""	""	""	""	""	""	
"309"	"220"	"141009"	"1001"	"244.4,50.4,249.7"	""	""	""	""	""	""	
"310"	"220"	"141010"	"1001"	"188.8,45.0,35.3"	""	""	""	""	""	""	
"311"	"220"	"141011"	"1002"	"111.8,40.7,341.8"	""	""	""	""	""	""	
"312"	"220"	"141012"	"1002"	"250.0,40.4,46.2"	""	""	""	""	""	""	
"313"	"220"	"141013"	"1002"	"243.3,40.0,155.7"	""	""	""	""	""	""	
"314"	"220"	"141014"	"1002"	"237.1,42.1,207.6"	""	""	""	""	""	""	
"315"	"220"	"141015"	"1002"	"376.0,40.4,172.7"	""	""	""	""	""	""	
"316"	"220"	"141016"	"1002"	"425.4,39.8,107.0"	""	""	""	""	""	""	
"317"	"220"	"141017"	"1002"	"422.4,41.3,169.9"	""	""	""	""	""	""	
"318"	"220"	"141018"	"1002"	"436.0,40.4,280.0"	""	""	""	""	""	""	
"319"	"220"	"141019"	"1002"	"436.5,39.9,394.6"	""	""	""	""	""	""	
"320"	"220"	"141020"	"1002"	"409.5,40.1,120.7"	""	""	""	""	""	""	
"321"	"220"	"141021"	"1003"	"473.5,39.8,270.0"	""	""	""	""	""	""	
"322"	"220"	"141022"	"1003"	"402.1,40.2,192.1"	""	""	""	""	""	""	
"323"	"220"	"141023"	"1003"	"162.3,39.9,286.2"	""	""	""	""	""	""	
"324"	"220"	"141024"	"1003"	"230.5,40.1,64.3"	""	""	""	""	""	""	
"325"	"220"	"141025"	"1003"	"176.3,40.9,128.8"	""	""	""	""	""	""	
"326"	"220"	"141026"	"1003"	"254.9,40.2,196.4"	""	""	""	""	""	""	
"327"	"220"	"141027"	"1003"	"400.1,49.2,98.6"	""	""	""	""	""	""	
"328"	"220"	"141028"	"1003"	"405.3,46.2,149.4"	""	""	""	""	""	""	
"329"	"220"	"141029"	"1003"	"345.9,40.5,368.8"	""	""	""	""	""	""	
"330"	"220"	"141030"	"1003"	"203.2,40.2,462.4"	""	""	""	""	""	""	
"331"	"220"	"141031"	"1004"	"285.7,10.0,303.9"	""	""	""	""	""	""	
"332"	"220"	"141032"	"1004"	"277.6,11.0,46.5"	""	""	""	""	""	""	
"333"	"220"	"141033"	"1004"	"293.3,11.6,94.3"	""	""	""	""	""	""	
"334"	"220"	"141034"	"1004"	"132.0,13.0,133.1"	""	""	""	""	""	""	
"335"	"220"	"141035"	"1004"	"69.0,16.7,41.3"	""	""	""	""	""	""	
"336"	"220"	"141036"	"1004"	"154.5,11.0,238.4"	""	""	""	""	""	""	
"337"	"220"	"141037"	"1004"	"282.8,10.0,297.5"	""	""	""	""	""	""	
"338"	"220"	"141038"	"1004"	"398.1,10.1,294.1"	""	""	""	""	""	""	
"339"	"220"	"141039"	"1004"	"250.0,10.0,436.3"	""	""	""	""	""	""	
"340"	"220"	"141040"	"1004"	"64.8,26.2,355.7"	""	""	""	""	""	""	
"341"	"220"	"141041"	"1006"	"334.1,55.1,84.9"	""	""	""	""	""	""	
"342"	"220"	"141042"	"1006"	"397.1,60.0,33.3"	""	""	""	""	""	""	
"343"	"220"	"141043"	"1006"	"393.1,40.0,161.5"	""	""	""	""	""	""	
"344"	"220"	"141044"	"1006"	"358.9,35.0,262.7"	""	""	""	""	""	""	
"345"	"220"	"141045"	"1006"	"312.6,4.5,391.3"	""	""	""	""	""	""	
"346"	"220"	"141046"	"1006"	"161.6,0.1,349.6"	""	""	""	""	""	""	
"347"	"220"	"141047"	"1006"	"125.0,0.1,438.9"	""	""	""	""	""	""	
"348"	"220"	"141048"	"1006"	"212.4,10.8,75.4"	""	""	""	""	""	""	
"349"	"220"	"141049"	"1006"	"340.5,46.1,181.0"	""	""	""	""	""	""	
"350"	"220"	"141050"	"1006"	"452.6,64.8,41.1"	""	""	""	""	""	""	
