"id"	"类型0=属性1=触发类效果,索引到CombatTriggerConfig.xls表2=技能修改,索引到TalentStoneSkillModifiersConfig.xls表3=单个技能等级增加4=所有技能等级增加5=光环"	"(类型=0时生效)属性索引"	"(类型=0时生效)属性修改方式0=基础值1=基础百分比2=总值3=总值百分比"	"(类型=0时生效)属性修改值"	"(类型=1时生效)触发类效果id"	"(类型=2时生效)技能修改效果id"	"(类型=3时生效)加等级的技能id"	"(类型=3或4时生效)增加技能等级"	"光环id"	"光环等级"	""	""	""	""	""	""	
"id"	"type"	"attr_mod_index"	"attr_mod_type"	"attr_mod_val"	"trigger_effect_id"	"skill_mods"	"skill_id"	"skill_lev_add"	"aura_id"	"aura_lev"	""	""	""	""	""	""	
"int"	"int"	"int"	"int"	"float"	"int"	"int[]"	"int[]"	"int"	"int"	"int"	""	""	""	""	""	""	
"cs"	"cs"	"cs"	"cs"	"cs"	"cs"	"cs"	"cs"	"cs"	"cs"	"cs"	""	""	""	""	""	""	
"1"	"1"	""	""	""	"1"	""	""	""	""	""	""	""	""	""	""	""	
"2"	"1"	""	""	""	"2"	""	""	""	""	""	""	""	""	""	""	""	
"3"	"1"	""	""	""	"3"	""	""	""	""	""	""	""	""	""	""	""	
"4"	"1"	""	""	""	"4"	""	""	""	""	""	""	""	""	""	""	""	
"5"	"1"	""	""	""	"5"	""	""	""	""	""	""	""	""	""	""	""	
"6"	"1"	""	""	""	"6"	""	""	""	""	""	""	""	""	""	""	""	
"7"	"1"	""	""	""	"7"	""	""	""	""	""	""	""	""	""	""	""	
"8"	"1"	""	""	""	"8"	""	""	""	""	""	""	""	""	""	""	""	
"9"	"1"	""	""	""	"9"	""	""	""	""	""	""	""	""	""	""	""	
"10"	"1"	""	""	""	"10"	""	""	""	""	""	""	""	""	""	""	""	
"11"	"1"	""	""	""	"11"	""	""	""	""	""	""	""	""	""	""	""	
"12"	"1"	""	""	""	"12"	""	""	""	""	""	""	""	""	""	""	""	
"13"	"1"	""	""	""	"13"	""	""	""	""	""	""	""	""	""	""	""	
"14"	"1"	""	""	""	"14"	""	""	""	""	""	""	""	""	""	""	""	
"15"	"1"	""	""	""	"15"	""	""	""	""	""	""	""	""	""	""	""	
"16"	"1"	""	""	""	"16"	""	""	""	""	""	""	""	""	""	""	""	
"17"	"1"	""	""	""	"17"	""	""	""	""	""	""	""	""	""	""	""	
"18"	"1"	""	""	""	"18"	""	""	""	""	""	""	""	""	""	""	""	
"19"	"1"	""	""	""	"19"	""	""	""	""	""	""	""	""	""	""	""	
"20"	"1"	""	""	""	"20"	""	""	""	""	""	""	""	""	""	""	""	
"21"	"1"	""	""	""	"21"	""	""	""	""	""	""	""	""	""	""	""	
"22"	"1"	""	""	""	"22"	""	""	""	""	""	""	""	""	""	""	""	
"23"	"1"	""	""	""	"23"	""	""	""	""	""	""	""	""	""	""	""	
"24"	"1"	""	""	""	"24"	""	""	""	""	""	""	""	""	""	""	""	
"25"	"1"	""	""	""	"25"	""	""	""	""	""	""	""	""	""	""	""	
"26"	"1"	""	""	""	"26"	""	""	""	""	""	""	""	""	""	""	""	
"27"	"1"	""	""	""	"27"	""	""	""	""	""	""	""	""	""	""	""	
"28"	"1"	""	""	""	"28"	""	""	""	""	""	""	""	""	""	""	""	
"29"	"1"	""	""	""	"29"	""	""	""	""	""	""	""	""	""	""	""	
"30"	"1"	""	""	""	"30"	""	""	""	""	""	""	""	""	""	""	""	
"31"	"1"	""	""	""	"31"	""	""	""	""	""	""	""	""	""	""	""	
"100000"	"2"	""	""	""	""	"100000"	""	""	""	""	""	""	""	""	""	""	
"100010"	"2"	""	""	""	""	"100010"	""	""	""	""	""	""	""	""	""	""	
"100020"	"2"	""	""	""	""	"100020"	""	""	""	""	""	""	""	""	""	""	
"100100"	"2"	""	""	""	""	"100100"	""	""	""	""	""	""	""	""	""	""	
"100101"	"2"	""	""	""	""	"100101"	""	""	""	""	""	""	""	""	""	""	
"100110"	"2"	""	""	""	""	"100110"	""	""	""	""	""	""	""	""	""	""	
"100111"	"2"	""	""	""	""	"100111"	""	""	""	""	""	""	""	""	""	""	
"100120"	"2"	""	""	""	""	"100120"	""	""	""	""	""	""	""	""	""	""	
"100121"	"2"	""	""	""	""	"100121"	""	""	""	""	""	""	""	""	""	""	
"100200"	"2"	""	""	""	""	"100200"	""	""	""	""	""	""	""	""	""	""	
"100201"	"2"	""	""	""	""	"100201"	""	""	""	""	""	""	""	""	""	""	
"100210"	"2"	""	""	""	""	"100210"	""	""	""	""	""	""	""	""	""	""	
"100211"	"2"	""	""	""	""	"100211"	""	""	""	""	""	""	""	""	""	""	
"100220"	"2"	""	""	""	""	"100220"	""	""	""	""	""	""	""	""	""	""	
"100221"	"2"	""	""	""	""	"100221"	""	""	""	""	""	""	""	""	""	""	
"100230"	"2"	""	""	""	""	"100230"	""	""	""	""	""	""	""	""	""	""	
"100231"	"2"	""	""	""	""	"100231"	""	""	""	""	""	""	""	""	""	""	
"100240"	"2"	""	""	""	""	"100240"	""	""	""	""	""	""	""	""	""	""	
"100241"	"2"	""	""	""	""	"100241"	""	""	""	""	""	""	""	""	""	""	
"101000"	"2"	""	""	""	""	"101000"	""	""	""	""	""	""	""	""	""	""	
"101001"	"2"	""	""	""	""	"101001"	""	""	""	""	""	""	""	""	""	""	
"101100"	"2"	""	""	""	""	"101100"	""	""	""	""	""	""	""	""	""	""	
"102000"	"2"	""	""	""	""	"102000"	""	""	""	""	""	""	""	""	""	""	
"102100"	"2"	""	""	""	""	"102100"	""	""	""	""	""	""	""	""	""	""	
"103000"	"2"	""	""	""	""	"103000"	""	""	""	""	""	""	""	""	""	""	
"103001"	"2"	""	""	""	""	"103001"	""	""	""	""	""	""	""	""	""	""	
"103100"	"2"	""	""	""	""	"103100"	""	""	""	""	""	""	""	""	""	""	
"104000"	"2"	""	""	""	""	"104000"	""	""	""	""	""	""	""	""	""	""	
"104001"	"2"	""	""	""	""	"104001"	""	""	""	""	""	""	""	""	""	""	
"104100"	"2"	""	""	""	""	"104100"	""	""	""	""	""	""	""	""	""	""	
"105000"	"2"	""	""	""	""	"105000"	""	""	""	""	""	""	""	""	""	""	
"105001"	"2"	""	""	""	""	"105001"	""	""	""	""	""	""	""	""	""	""	
"105010"	"2"	""	""	""	""	"105010"	""	""	""	""	""	""	""	""	""	""	
"105011"	"2"	""	""	""	""	"105011"	""	""	""	""	""	""	""	""	""	""	
"105020"	"2"	""	""	""	""	"105020"	""	""	""	""	""	""	""	""	""	""	
"105021"	"2"	""	""	""	""	"105021"	""	""	""	""	""	""	""	""	""	""	
"105030"	"2"	""	""	""	""	"105030"	""	""	""	""	""	""	""	""	""	""	
"105031"	"2"	""	""	""	""	"105031"	""	""	""	""	""	""	""	""	""	""	
"105040"	"2"	""	""	""	""	"105040"	""	""	""	""	""	""	""	""	""	""	
"105041"	"2"	""	""	""	""	"105041"	""	""	""	""	""	""	""	""	""	""	
"105100"	"2"	""	""	""	""	"105100"	""	""	""	""	""	""	""	""	""	""	
"105101"	"2"	""	""	""	""	"105101"	""	""	""	""	""	""	""	""	""	""	
"105110"	"2"	""	""	""	""	"105110"	""	""	""	""	""	""	""	""	""	""	
"105111"	"2"	""	""	""	""	"105111"	""	""	""	""	""	""	""	""	""	""	
"105120"	"2"	""	""	""	""	"105120"	""	""	""	""	""	""	""	""	""	""	
"105121"	"2"	""	""	""	""	"105121"	""	""	""	""	""	""	""	""	""	""	
"105130"	"2"	""	""	""	""	"105130"	""	""	""	""	""	""	""	""	""	""	
"105131"	"2"	""	""	""	""	"105131"	""	""	""	""	""	""	""	""	""	""	
"105140"	"2"	""	""	""	""	"105140"	""	""	""	""	""	""	""	""	""	""	
"105141"	"2"	""	""	""	""	"105141"	""	""	""	""	""	""	""	""	""	""	
"106000"	"2"	""	""	""	""	"106000"	""	""	""	""	""	""	""	""	""	""	
"106010"	"2"	""	""	""	""	"106010"	""	""	""	""	""	""	""	""	""	""	
"106020"	"2"	""	""	""	""	"106020"	""	""	""	""	""	""	""	""	""	""	
"106030"	"2"	""	""	""	""	"106030"	""	""	""	""	""	""	""	""	""	""	
"106040"	"2"	""	""	""	""	"106040"	""	""	""	""	""	""	""	""	""	""	
"107000"	"2"	""	""	""	""	"107000"	""	""	""	""	""	""	""	""	""	""	
"107001"	"2"	""	""	""	""	"107001"	""	""	""	""	""	""	""	""	""	""	
"107002"	"2"	""	""	""	""	"107002"	""	""	""	""	""	""	""	""	""	""	
"107100"	"2"	""	""	""	""	"107100"	""	""	""	""	""	""	""	""	""	""	
"107101"	"2"	""	""	""	""	"107101"	""	""	""	""	""	""	""	""	""	""	
"107102"	"2"	""	""	""	""	"107105"	""	""	""	""	""	""	""	""	""	""	
"107103"	"2"	""	""	""	""	"107103"	""	""	""	""	""	""	""	""	""	""	
"107104"	"2"	""	""	""	""	"107104"	""	""	""	""	""	""	""	""	""	""	
"107105"	"2"	""	""	""	""	"107105"	""	""	""	""	""	""	""	""	""	""	
"107200"	"2"	""	""	""	""	"107200"	""	""	""	""	""	""	""	""	""	""	
"107210"	"2"	""	""	""	""	"107210"	""	""	""	""	""	""	""	""	""	""	
"107220"	"2"	""	""	""	""	"107220"	""	""	""	""	""	""	""	""	""	""	
"107230"	"2"	""	""	""	""	"107230"	""	""	""	""	""	""	""	""	""	""	
"107240"	"2"	""	""	""	""	"107240"	""	""	""	""	""	""	""	""	""	""	
"107300"	"2"	""	""	""	""	"107300"	""	""	""	""	""	""	""	""	""	""	
"107310"	"2"	""	""	""	""	"107310"	""	""	""	""	""	""	""	""	""	""	
"107320"	"2"	""	""	""	""	"107320"	""	""	""	""	""	""	""	""	""	""	
"107330"	"2"	""	""	""	""	"107330"	""	""	""	""	""	""	""	""	""	""	
"107340"	"2"	""	""	""	""	"107340"	""	""	""	""	""	""	""	""	""	""	
"108000"	"2"	""	""	""	""	"108000"	""	""	""	""	""	""	""	""	""	""	
"108100"	"2"	""	""	""	""	"108100"	""	""	""	""	""	""	""	""	""	""	
"108110"	"2"	""	""	""	""	"108110"	""	""	""	""	""	""	""	""	""	""	
"108120"	"2"	""	""	""	""	"108120"	""	""	""	""	""	""	""	""	""	""	
"108130"	"2"	""	""	""	""	"108130"	""	""	""	""	""	""	""	""	""	""	
"108140"	"2"	""	""	""	""	"108140"	""	""	""	""	""	""	""	""	""	""	
"109000"	"2"	""	""	""	""	"109000"	""	""	""	""	""	""	""	""	""	""	
"109010"	"2"	""	""	""	""	"109010"	""	""	""	""	""	""	""	""	""	""	
"109020"	"2"	""	""	""	""	"109020"	""	""	""	""	""	""	""	""	""	""	
"109030"	"2"	""	""	""	""	"109030"	""	""	""	""	""	""	""	""	""	""	
"109040"	"2"	""	""	""	""	"109040"	""	""	""	""	""	""	""	""	""	""	
"109100"	"2"	""	""	""	""	"109100"	""	""	""	""	""	""	""	""	""	""	
"109101"	"2"	""	""	""	""	"109101"	""	""	""	""	""	""	""	""	""	""	
"109102"	"2"	""	""	""	""	"109102"	""	""	""	""	""	""	""	""	""	""	
"109200"	"2"	""	""	""	""	"109200"	""	""	""	""	""	""	""	""	""	""	
"109210"	"2"	""	""	""	""	"109210"	""	""	""	""	""	""	""	""	""	""	
"109220"	"2"	""	""	""	""	"109220"	""	""	""	""	""	""	""	""	""	""	
"109230"	"2"	""	""	""	""	"109230"	""	""	""	""	""	""	""	""	""	""	
"109240"	"2"	""	""	""	""	"109240"	""	""	""	""	""	""	""	""	""	""	
"110000"	"2"	""	""	""	""	"110000"	""	""	""	""	""	""	""	""	""	""	
"110001"	"2"	""	""	""	""	"110001"	""	""	""	""	""	""	""	""	""	""	
"110002"	"2"	""	""	""	""	"110002"	""	""	""	""	""	""	""	""	""	""	
"110100"	"2"	""	""	""	""	"110100"	""	""	""	""	""	""	""	""	""	""	
"110101"	"2"	""	""	""	""	"110101"	""	""	""	""	""	""	""	""	""	""	
"111000"	"2"	""	""	""	""	"111000"	""	""	""	""	""	""	""	""	""	""	
"111100"	"2"	""	""	""	""	"111100"	""	""	""	""	""	""	""	""	""	""	
"111101"	"2"	""	""	""	""	"111101"	""	""	""	""	""	""	""	""	""	""	
"112000"	"2"	""	""	""	""	"112000"	""	""	""	""	""	""	""	""	""	""	
"112100"	"2"	""	""	""	""	"112100"	""	""	""	""	""	""	""	""	""	""	
"112101"	"2"	""	""	""	""	"112101"	""	""	""	""	""	""	""	""	""	""	
"112200"	"2"	""	""	""	""	"112200"	""	""	""	""	""	""	""	""	""	""	
"112210"	"2"	""	""	""	""	"112210"	""	""	""	""	""	""	""	""	""	""	
"112220"	"2"	""	""	""	""	"112220"	""	""	""	""	""	""	""	""	""	""	
"112230"	"2"	""	""	""	""	"112230"	""	""	""	""	""	""	""	""	""	""	
"112240"	"2"	""	""	""	""	"112240"	""	""	""	""	""	""	""	""	""	""	
"113000"	"2"	""	""	""	""	"113000"	""	""	""	""	""	""	""	""	""	""	
"113100"	"2"	""	""	""	""	"113100"	""	""	""	""	""	""	""	""	""	""	
"114000"	"2"	""	""	""	""	"114000"	""	""	""	""	""	""	""	""	""	""	
"114100"	"2"	""	""	""	""	"114100"	""	""	""	""	""	""	""	""	""	""	
"200000"	"2"	""	""	""	""	"200000"	""	""	""	""	""	""	""	""	""	""	
"200100"	"2"	""	""	""	""	"200100"	""	""	""	""	""	""	""	""	""	""	
"200200"	"2"	""	""	""	""	"200200"	""	""	""	""	""	""	""	""	""	""	
"200210"	"2"	""	""	""	""	"200210"	""	""	""	""	""	""	""	""	""	""	
"200220"	"2"	""	""	""	""	"200220"	""	""	""	""	""	""	""	""	""	""	
"200230"	"2"	""	""	""	""	"200230"	""	""	""	""	""	""	""	""	""	""	
"200240"	"2"	""	""	""	""	"200240"	""	""	""	""	""	""	""	""	""	""	
"200300"	"2"	""	""	""	""	"200300"	""	""	""	""	""	""	""	""	""	""	
"200310"	"2"	""	""	""	""	"200310"	""	""	""	""	""	""	""	""	""	""	
"200320"	"2"	""	""	""	""	"200320"	""	""	""	""	""	""	""	""	""	""	
"200330"	"2"	""	""	""	""	"200330"	""	""	""	""	""	""	""	""	""	""	
"200340"	"2"	""	""	""	""	"200340"	""	""	""	""	""	""	""	""	""	""	
"201000"	"2"	""	""	""	""	"201000"	""	""	""	""	""	""	""	""	""	""	
"201001"	"2"	""	""	""	""	"201001"	""	""	""	""	""	""	""	""	""	""	
"201100"	"2"	""	""	""	""	"201100"	""	""	""	""	""	""	""	""	""	""	
"201200"	"2"	""	""	""	""	"201200"	""	""	""	""	""	""	""	""	""	""	
"201210"	"2"	""	""	""	""	"201210"	""	""	""	""	""	""	""	""	""	""	
"201220"	"2"	""	""	""	""	"201220"	""	""	""	""	""	""	""	""	""	""	
"201230"	"2"	""	""	""	""	"201230"	""	""	""	""	""	""	""	""	""	""	
"201240"	"2"	""	""	""	""	"201240"	""	""	""	""	""	""	""	""	""	""	
"202000"	"2"	""	""	""	""	"202000"	""	""	""	""	""	""	""	""	""	""	
"202100"	"2"	""	""	""	""	"202100"	""	""	""	""	""	""	""	""	""	""	
"203000"	"2"	""	""	""	""	"203000"	""	""	""	""	""	""	""	""	""	""	
"203100"	"2"	""	""	""	""	"203100"	""	""	""	""	""	""	""	""	""	""	
"204000"	"2"	""	""	""	""	"204000"	""	""	""	""	""	""	""	""	""	""	
"204100"	"2"	""	""	""	""	"204100"	""	""	""	""	""	""	""	""	""	""	
"204200"	"2"	""	""	""	""	"204200"	""	""	""	""	""	""	""	""	""	""	
"204300"	"2"	""	""	""	""	"204300"	""	""	""	""	""	""	""	""	""	""	
"204310"	"2"	""	""	""	""	"204310"	""	""	""	""	""	""	""	""	""	""	
"204320"	"2"	""	""	""	""	"204320"	""	""	""	""	""	""	""	""	""	""	
"204330"	"2"	""	""	""	""	"204330"	""	""	""	""	""	""	""	""	""	""	
"204340"	"2"	""	""	""	""	"204340"	""	""	""	""	""	""	""	""	""	""	
"204400"	"2"	""	""	""	""	"204400"	""	""	""	""	""	""	""	""	""	""	
"204410"	"2"	""	""	""	""	"204410"	""	""	""	""	""	""	""	""	""	""	
"204420"	"2"	""	""	""	""	"204420"	""	""	""	""	""	""	""	""	""	""	
"204430"	"2"	""	""	""	""	"204430"	""	""	""	""	""	""	""	""	""	""	
"204440"	"2"	""	""	""	""	"204440"	""	""	""	""	""	""	""	""	""	""	
"204500"	"2"	""	""	""	""	"204500"	""	""	""	""	""	""	""	""	""	""	
"205000"	"2"	""	""	""	""	"205000"	""	""	""	""	""	""	""	""	""	""	
"205100"	"2"	""	""	""	""	"205100"	""	""	""	""	""	""	""	""	""	""	
"206000"	"2"	""	""	""	""	"206000"	""	""	""	""	""	""	""	""	""	""	
"206100"	"2"	""	""	""	""	"206100"	""	""	""	""	""	""	""	""	""	""	
"207000"	"2"	""	""	""	""	"207000"	""	""	""	""	""	""	""	""	""	""	
"207100"	"2"	""	""	""	""	"207100"	""	""	""	""	""	""	""	""	""	""	
"207101"	"2"	""	""	""	""	"207101"	""	""	""	""	""	""	""	""	""	""	
"207102"	"2"	""	""	""	""	"207102"	""	""	""	""	""	""	""	""	""	""	
"207103"	"2"	""	""	""	""	"207103"	""	""	""	""	""	""	""	""	""	""	
"207111"	"2"	""	""	""	""	"207111"	""	""	""	""	""	""	""	""	""	""	
"207121"	"2"	""	""	""	""	"207121"	""	""	""	""	""	""	""	""	""	""	
"207131"	"2"	""	""	""	""	"207131"	""	""	""	""	""	""	""	""	""	""	
"207141"	"2"	""	""	""	""	"207141"	""	""	""	""	""	""	""	""	""	""	
"207200"	"2"	""	""	""	""	"207200"	""	""	""	""	""	""	""	""	""	""	
"207210"	"2"	""	""	""	""	"207210"	""	""	""	""	""	""	""	""	""	""	
"207220"	"2"	""	""	""	""	"207220"	""	""	""	""	""	""	""	""	""	""	
"207230"	"2"	""	""	""	""	"207230"	""	""	""	""	""	""	""	""	""	""	
"207240"	"2"	""	""	""	""	"207240"	""	""	""	""	""	""	""	""	""	""	
"208000"	"2"	""	""	""	""	"208000"	""	""	""	""	""	""	""	""	""	""	
"208100"	"2"	""	""	""	""	"208100"	""	""	""	""	""	""	""	""	""	""	
"209000"	"2"	""	""	""	""	"209000"	""	""	""	""	""	""	""	""	""	""	
"209100"	"2"	""	""	""	""	"209100"	""	""	""	""	""	""	""	""	""	""	
"209110"	"2"	""	""	""	""	"209110"	""	""	""	""	""	""	""	""	""	""	
"209120"	"2"	""	""	""	""	"209120"	""	""	""	""	""	""	""	""	""	""	
"209130"	"2"	""	""	""	""	"209130"	""	""	""	""	""	""	""	""	""	""	
"209140"	"2"	""	""	""	""	"209140"	""	""	""	""	""	""	""	""	""	""	
"210000"	"2"	""	""	""	""	"210000"	""	""	""	""	""	""	""	""	""	""	
"210100"	"2"	""	""	""	""	"210100"	""	""	""	""	""	""	""	""	""	""	
"210101"	"2"	""	""	""	""	"210101"	""	""	""	""	""	""	""	""	""	""	
"210110"	"2"	""	""	""	""	"210110"	""	""	""	""	""	""	""	""	""	""	
"210120"	"2"	""	""	""	""	"210120"	""	""	""	""	""	""	""	""	""	""	
"210130"	"2"	""	""	""	""	"210130"	""	""	""	""	""	""	""	""	""	""	
"210140"	"2"	""	""	""	""	"210140"	""	""	""	""	""	""	""	""	""	""	
"210200"	"2"	""	""	""	""	"210200"	""	""	""	""	""	""	""	""	""	""	
"210210"	"2"	""	""	""	""	"210210"	""	""	""	""	""	""	""	""	""	""	
"210220"	"2"	""	""	""	""	"210220"	""	""	""	""	""	""	""	""	""	""	
"210230"	"2"	""	""	""	""	"210230"	""	""	""	""	""	""	""	""	""	""	
"210240"	"2"	""	""	""	""	"210240"	""	""	""	""	""	""	""	""	""	""	
"211000"	"2"	""	""	""	""	"211000"	""	""	""	""	""	""	""	""	""	""	
"211100"	"2"	""	""	""	""	"211100"	""	""	""	""	""	""	""	""	""	""	
"212000"	"2"	""	""	""	""	"212000"	""	""	""	""	""	""	""	""	""	""	
"212100"	"2"	""	""	""	""	"212100"	""	""	""	""	""	""	""	""	""	""	
"212200"	"2"	""	""	""	""	"212200"	""	""	""	""	""	""	""	""	""	""	
"213000"	"2"	""	""	""	""	"213000"	""	""	""	""	""	""	""	""	""	""	
"213100"	"2"	""	""	""	""	"213100"	""	""	""	""	""	""	""	""	""	""	
"300000"	"2"	""	""	""	""	"300000"	""	""	""	""	""	""	""	""	""	""	
"300100"	"2"	""	""	""	""	"300100"	""	""	""	""	""	""	""	""	""	""	
"301000"	"2"	""	""	""	""	"301000"	""	""	""	""	""	""	""	""	""	""	
"301100"	"2"	""	""	""	""	"301100"	""	""	""	""	""	""	""	""	""	""	
"301200"	"2"	""	""	""	""	"301200"	""	""	""	""	""	""	""	""	""	""	
"301210"	"2"	""	""	""	""	"301210"	""	""	""	""	""	""	""	""	""	""	
"301220"	"2"	""	""	""	""	"301220"	""	""	""	""	""	""	""	""	""	""	
"301230"	"2"	""	""	""	""	"301230"	""	""	""	""	""	""	""	""	""	""	
"301240"	"2"	""	""	""	""	"301240"	""	""	""	""	""	""	""	""	""	""	
"302000"	"2"	""	""	""	""	"302000"	""	""	""	""	""	""	""	""	""	""	
"302100"	"2"	""	""	""	""	"302100"	""	""	""	""	""	""	""	""	""	""	
"302200"	"2"	""	""	""	""	"302200"	""	""	""	""	""	""	""	""	""	""	
"302210"	"2"	""	""	""	""	"302210"	""	""	""	""	""	""	""	""	""	""	
"302220"	"2"	""	""	""	""	"302220"	""	""	""	""	""	""	""	""	""	""	
"302230"	"2"	""	""	""	""	"302230"	""	""	""	""	""	""	""	""	""	""	
"302240"	"2"	""	""	""	""	"302240"	""	""	""	""	""	""	""	""	""	""	
"303000"	"2"	""	""	""	""	"303000"	""	""	""	""	""	""	""	""	""	""	
"303100"	"2"	""	""	""	""	"303100"	""	""	""	""	""	""	""	""	""	""	
"303101"	"2"	""	""	""	""	"303101"	""	""	""	""	""	""	""	""	""	""	
"304000"	"2"	""	""	""	""	"304000"	""	""	""	""	""	""	""	""	""	""	
"304010"	"2"	""	""	""	""	"304010"	""	""	""	""	""	""	""	""	""	""	
"304020"	"2"	""	""	""	""	"304020"	""	""	""	""	""	""	""	""	""	""	
"304030"	"2"	""	""	""	""	"304030"	""	""	""	""	""	""	""	""	""	""	
"304040"	"2"	""	""	""	""	"304040"	""	""	""	""	""	""	""	""	""	""	
"304100"	"2"	""	""	""	""	"304100"	""	""	""	""	""	""	""	""	""	""	
"304200"	"2"	""	""	""	""	"304200"	""	""	""	""	""	""	""	""	""	""	
"304210"	"2"	""	""	""	""	"304210"	""	""	""	""	""	""	""	""	""	""	
"304220"	"2"	""	""	""	""	"304220"	""	""	""	""	""	""	""	""	""	""	
"304230"	"2"	""	""	""	""	"304230"	""	""	""	""	""	""	""	""	""	""	
"304240"	"2"	""	""	""	""	"304240"	""	""	""	""	""	""	""	""	""	""	
"305000"	"2"	""	""	""	""	"305000"	""	""	""	""	""	""	""	""	""	""	
"305100"	"2"	""	""	""	""	"305100"	""	""	""	""	""	""	""	""	""	""	
"305200"	"2"	""	""	""	""	"305200"	""	""	""	""	""	""	""	""	""	""	
"306000"	"2"	""	""	""	""	"306000"	""	""	""	""	""	""	""	""	""	""	
"306010"	"2"	""	""	""	""	"306010"	""	""	""	""	""	""	""	""	""	""	
"306020"	"2"	""	""	""	""	"306020"	""	""	""	""	""	""	""	""	""	""	
"306030"	"2"	""	""	""	""	"306030"	""	""	""	""	""	""	""	""	""	""	
"306040"	"2"	""	""	""	""	"306040"	""	""	""	""	""	""	""	""	""	""	
"306100"	"2"	""	""	""	""	"306100"	""	""	""	""	""	""	""	""	""	""	
"306200"	"2"	""	""	""	""	"306200"	""	""	""	""	""	""	""	""	""	""	
"306210"	"2"	""	""	""	""	"306210"	""	""	""	""	""	""	""	""	""	""	
"306220"	"2"	""	""	""	""	"306220"	""	""	""	""	""	""	""	""	""	""	
"306230"	"2"	""	""	""	""	"306230"	""	""	""	""	""	""	""	""	""	""	
"306240"	"2"	""	""	""	""	"306240"	""	""	""	""	""	""	""	""	""	""	
"307000"	"2"	""	""	""	""	"307000"	""	""	""	""	""	""	""	""	""	""	
"307100"	"2"	""	""	""	""	"307100"	""	""	""	""	""	""	""	""	""	""	
"307200"	"2"	""	""	""	""	"307200"	""	""	""	""	""	""	""	""	""	""	
"307210"	"2"	""	""	""	""	"307210"	""	""	""	""	""	""	""	""	""	""	
"307220"	"2"	""	""	""	""	"307220"	""	""	""	""	""	""	""	""	""	""	
"307230"	"2"	""	""	""	""	"307230"	""	""	""	""	""	""	""	""	""	""	
"307240"	"2"	""	""	""	""	"307240"	""	""	""	""	""	""	""	""	""	""	
"310000"	"2"	""	""	""	""	"310000"	""	""	""	""	""	""	""	""	""	""	
"310100"	"2"	""	""	""	""	"310100"	""	""	""	""	""	""	""	""	""	""	
"311000"	"2"	""	""	""	""	"311000"	""	""	""	""	""	""	""	""	""	""	
"311100"	"2"	""	""	""	""	"311100"	""	""	""	""	""	""	""	""	""	""	
"311101"	"2"	""	""	""	""	"311101"	""	""	""	""	""	""	""	""	""	""	
"311110"	"2"	""	""	""	""	"311110"	""	""	""	""	""	""	""	""	""	""	
"311120"	"2"	""	""	""	""	"311120"	""	""	""	""	""	""	""	""	""	""	
"311130"	"2"	""	""	""	""	"311130"	""	""	""	""	""	""	""	""	""	""	
"311140"	"2"	""	""	""	""	"311140"	""	""	""	""	""	""	""	""	""	""	
"311200"	"2"	""	""	""	""	"311200"	""	""	""	""	""	""	""	""	""	""	
"311210"	"2"	""	""	""	""	"311210"	""	""	""	""	""	""	""	""	""	""	
"311220"	"2"	""	""	""	""	"311220"	""	""	""	""	""	""	""	""	""	""	
"311230"	"2"	""	""	""	""	"311230"	""	""	""	""	""	""	""	""	""	""	
"311240"	"2"	""	""	""	""	"311240"	""	""	""	""	""	""	""	""	""	""	
"312000"	"2"	""	""	""	""	"312000"	""	""	""	""	""	""	""	""	""	""	
"312001"	"2"	""	""	""	""	"312001"	""	""	""	""	""	""	""	""	""	""	
"312002"	"2"	""	""	""	""	"312002"	""	""	""	""	""	""	""	""	""	""	
"312100"	"2"	""	""	""	""	"312100"	""	""	""	""	""	""	""	""	""	""	
"312101"	"2"	""	""	""	""	"312101"	""	""	""	""	""	""	""	""	""	""	
"314000"	"2"	""	""	""	""	"314000"	""	""	""	""	""	""	""	""	""	""	
"314100"	"2"	""	""	""	""	"314100"	""	""	""	""	""	""	""	""	""	""	
"315000"	"2"	""	""	""	""	"315000"	""	""	""	""	""	""	""	""	""	""	
"315100"	"2"	""	""	""	""	"315100"	""	""	""	""	""	""	""	""	""	""	
"316000"	"2"	""	""	""	""	"316000"	""	""	""	""	""	""	""	""	""	""	
"316100"	"2"	""	""	""	""	"316100"	""	""	""	""	""	""	""	""	""	""	
"316110"	"2"	""	""	""	""	"316110"	""	""	""	""	""	""	""	""	""	""	
"316120"	"2"	""	""	""	""	"316120"	""	""	""	""	""	""	""	""	""	""	
"316130"	"2"	""	""	""	""	"316130"	""	""	""	""	""	""	""	""	""	""	
"316140"	"2"	""	""	""	""	"316140"	""	""	""	""	""	""	""	""	""	""	
"317000"	"2"	""	""	""	""	"317000"	""	""	""	""	""	""	""	""	""	""	
"317100"	"2"	""	""	""	""	"317100"	""	""	""	""	""	""	""	""	""	""	
"400000"	"4"	""	""	""	""	""	""	"1"	""	""	""	""	""	""	""	""	
"400001"	"4"	""	""	""	""	""	""	"2"	""	""	""	""	""	""	""	""	
"400002"	"4"	""	""	""	""	""	""	"3"	""	""	""	""	""	""	""	""	
"400003"	"4"	""	""	""	""	""	""	"4"	""	""	""	""	""	""	""	""	
"400004"	"4"	""	""	""	""	""	""	"5"	""	""	""	""	""	""	""	""	
"401000"	"3"	""	""	""	""	""	"1000"	"1"	""	""	""	""	""	""	""	""	
"401001"	"3"	""	""	""	""	""	"1000"	"2"	""	""	""	""	""	""	""	""	
"401002"	"3"	""	""	""	""	""	"1000"	"3"	""	""	""	""	""	""	""	""	
"401003"	"3"	""	""	""	""	""	"1000"	"4"	""	""	""	""	""	""	""	""	
"401004"	"3"	""	""	""	""	""	"1000"	"5"	""	""	""	""	""	""	""	""	
"401010"	"3"	""	""	""	""	""	"1010"	"1"	""	""	""	""	""	""	""	""	
"401011"	"3"	""	""	""	""	""	"1010"	"2"	""	""	""	""	""	""	""	""	
"401012"	"3"	""	""	""	""	""	"1010"	"3"	""	""	""	""	""	""	""	""	
"401013"	"3"	""	""	""	""	""	"1010"	"4"	""	""	""	""	""	""	""	""	
"401014"	"3"	""	""	""	""	""	"1010"	"5"	""	""	""	""	""	""	""	""	
"401020"	"3"	""	""	""	""	""	"1020"	"1"	""	""	""	""	""	""	""	""	
"401021"	"3"	""	""	""	""	""	"1020"	"2"	""	""	""	""	""	""	""	""	
"401022"	"3"	""	""	""	""	""	"1020"	"3"	""	""	""	""	""	""	""	""	
"401023"	"3"	""	""	""	""	""	"1020"	"4"	""	""	""	""	""	""	""	""	
"401024"	"3"	""	""	""	""	""	"1020"	"5"	""	""	""	""	""	""	""	""	
"401030"	"3"	""	""	""	""	""	"1030"	"1"	""	""	""	""	""	""	""	""	
"401031"	"3"	""	""	""	""	""	"1030"	"2"	""	""	""	""	""	""	""	""	
"401032"	"3"	""	""	""	""	""	"1030"	"3"	""	""	""	""	""	""	""	""	
"401033"	"3"	""	""	""	""	""	"1030"	"4"	""	""	""	""	""	""	""	""	
"401034"	"3"	""	""	""	""	""	"1030"	"5"	""	""	""	""	""	""	""	""	
"401040"	"3"	""	""	""	""	""	"1040"	"1"	""	""	""	""	""	""	""	""	
"401041"	"3"	""	""	""	""	""	"1040"	"2"	""	""	""	""	""	""	""	""	
"401042"	"3"	""	""	""	""	""	"1040"	"3"	""	""	""	""	""	""	""	""	
"401043"	"3"	""	""	""	""	""	"1040"	"4"	""	""	""	""	""	""	""	""	
"401044"	"3"	""	""	""	""	""	"1040"	"5"	""	""	""	""	""	""	""	""	
"401050"	"3"	""	""	""	""	""	"1050"	"1"	""	""	""	""	""	""	""	""	
"401051"	"3"	""	""	""	""	""	"1050"	"2"	""	""	""	""	""	""	""	""	
"401052"	"3"	""	""	""	""	""	"1050"	"3"	""	""	""	""	""	""	""	""	
"401053"	"3"	""	""	""	""	""	"1050"	"4"	""	""	""	""	""	""	""	""	
"401054"	"3"	""	""	""	""	""	"1050"	"5"	""	""	""	""	""	""	""	""	
"401060"	"3"	""	""	""	""	""	"1060"	"1"	""	""	""	""	""	""	""	""	
"401061"	"3"	""	""	""	""	""	"1060"	"2"	""	""	""	""	""	""	""	""	
"401062"	"3"	""	""	""	""	""	"1060"	"3"	""	""	""	""	""	""	""	""	
"401063"	"3"	""	""	""	""	""	"1060"	"4"	""	""	""	""	""	""	""	""	
"401064"	"3"	""	""	""	""	""	"1060"	"5"	""	""	""	""	""	""	""	""	
"401070"	"3"	""	""	""	""	""	"1070"	"1"	""	""	""	""	""	""	""	""	
"401071"	"3"	""	""	""	""	""	"1070"	"2"	""	""	""	""	""	""	""	""	
"401072"	"3"	""	""	""	""	""	"1070"	"3"	""	""	""	""	""	""	""	""	
"401073"	"3"	""	""	""	""	""	"1070"	"4"	""	""	""	""	""	""	""	""	
"401074"	"3"	""	""	""	""	""	"1070"	"5"	""	""	""	""	""	""	""	""	
"401080"	"3"	""	""	""	""	""	"1080"	"1"	""	""	""	""	""	""	""	""	
"401081"	"3"	""	""	""	""	""	"1080"	"2"	""	""	""	""	""	""	""	""	
"401082"	"3"	""	""	""	""	""	"1080"	"3"	""	""	""	""	""	""	""	""	
"401083"	"3"	""	""	""	""	""	"1080"	"4"	""	""	""	""	""	""	""	""	
"401084"	"3"	""	""	""	""	""	"1080"	"5"	""	""	""	""	""	""	""	""	
"401090"	"3"	""	""	""	""	""	"1090"	"1"	""	""	""	""	""	""	""	""	
"401091"	"3"	""	""	""	""	""	"1090"	"2"	""	""	""	""	""	""	""	""	
"401092"	"3"	""	""	""	""	""	"1090"	"3"	""	""	""	""	""	""	""	""	
"401093"	"3"	""	""	""	""	""	"1090"	"4"	""	""	""	""	""	""	""	""	
"401094"	"3"	""	""	""	""	""	"1090"	"5"	""	""	""	""	""	""	""	""	
"401100"	"3"	""	""	""	""	""	"1100"	"1"	""	""	""	""	""	""	""	""	
"401101"	"3"	""	""	""	""	""	"1100"	"2"	""	""	""	""	""	""	""	""	
"401102"	"3"	""	""	""	""	""	"1100"	"3"	""	""	""	""	""	""	""	""	
"401103"	"3"	""	""	""	""	""	"1100"	"4"	""	""	""	""	""	""	""	""	
"401104"	"3"	""	""	""	""	""	"1100"	"5"	""	""	""	""	""	""	""	""	
"401110"	"3"	""	""	""	""	""	"1110"	"1"	""	""	""	""	""	""	""	""	
"401111"	"3"	""	""	""	""	""	"1110"	"2"	""	""	""	""	""	""	""	""	
"401112"	"3"	""	""	""	""	""	"1110"	"3"	""	""	""	""	""	""	""	""	
"401113"	"3"	""	""	""	""	""	"1110"	"4"	""	""	""	""	""	""	""	""	
"401114"	"3"	""	""	""	""	""	"1110"	"5"	""	""	""	""	""	""	""	""	
"401120"	"3"	""	""	""	""	""	"1120"	"1"	""	""	""	""	""	""	""	""	
"401121"	"3"	""	""	""	""	""	"1120"	"2"	""	""	""	""	""	""	""	""	
"401122"	"3"	""	""	""	""	""	"1120"	"3"	""	""	""	""	""	""	""	""	
"401123"	"3"	""	""	""	""	""	"1120"	"4"	""	""	""	""	""	""	""	""	
"401124"	"3"	""	""	""	""	""	"1120"	"5"	""	""	""	""	""	""	""	""	
"401130"	"3"	""	""	""	""	""	"1130"	"1"	""	""	""	""	""	""	""	""	
"401131"	"3"	""	""	""	""	""	"1130"	"2"	""	""	""	""	""	""	""	""	
"401132"	"3"	""	""	""	""	""	"1130"	"3"	""	""	""	""	""	""	""	""	
"401133"	"3"	""	""	""	""	""	"1130"	"4"	""	""	""	""	""	""	""	""	
"401134"	"3"	""	""	""	""	""	"1130"	"5"	""	""	""	""	""	""	""	""	
"401140"	"3"	""	""	""	""	""	"1140"	"1"	""	""	""	""	""	""	""	""	
"401141"	"3"	""	""	""	""	""	"1140"	"2"	""	""	""	""	""	""	""	""	
"401142"	"3"	""	""	""	""	""	"1140"	"3"	""	""	""	""	""	""	""	""	
"401143"	"3"	""	""	""	""	""	"1140"	"4"	""	""	""	""	""	""	""	""	
"401144"	"3"	""	""	""	""	""	"1140"	"5"	""	""	""	""	""	""	""	""	
"402000"	"3"	""	""	""	""	""	"2000"	"1"	""	""	""	""	""	""	""	""	
"402001"	"3"	""	""	""	""	""	"2000"	"2"	""	""	""	""	""	""	""	""	
"402002"	"3"	""	""	""	""	""	"2000"	"3"	""	""	""	""	""	""	""	""	
"402003"	"3"	""	""	""	""	""	"2000"	"4"	""	""	""	""	""	""	""	""	
"402004"	"3"	""	""	""	""	""	"2000"	"5"	""	""	""	""	""	""	""	""	
"402010"	"3"	""	""	""	""	""	"2010"	"1"	""	""	""	""	""	""	""	""	
"402011"	"3"	""	""	""	""	""	"2010"	"2"	""	""	""	""	""	""	""	""	
"402012"	"3"	""	""	""	""	""	"2010"	"3"	""	""	""	""	""	""	""	""	
"402013"	"3"	""	""	""	""	""	"2010"	"4"	""	""	""	""	""	""	""	""	
"402014"	"3"	""	""	""	""	""	"2010"	"5"	""	""	""	""	""	""	""	""	
"402020"	"3"	""	""	""	""	""	"2020"	"1"	""	""	""	""	""	""	""	""	
"402021"	"3"	""	""	""	""	""	"2020"	"2"	""	""	""	""	""	""	""	""	
"402022"	"3"	""	""	""	""	""	"2020"	"3"	""	""	""	""	""	""	""	""	
"402023"	"3"	""	""	""	""	""	"2020"	"4"	""	""	""	""	""	""	""	""	
"402024"	"3"	""	""	""	""	""	"2020"	"5"	""	""	""	""	""	""	""	""	
"402030"	"3"	""	""	""	""	""	"2030"	"1"	""	""	""	""	""	""	""	""	
"402031"	"3"	""	""	""	""	""	"2030"	"2"	""	""	""	""	""	""	""	""	
"402032"	"3"	""	""	""	""	""	"2030"	"3"	""	""	""	""	""	""	""	""	
"402033"	"3"	""	""	""	""	""	"2030"	"4"	""	""	""	""	""	""	""	""	
"402034"	"3"	""	""	""	""	""	"2030"	"5"	""	""	""	""	""	""	""	""	
"402040"	"3"	""	""	""	""	""	"2040"	"1"	""	""	""	""	""	""	""	""	
"402041"	"3"	""	""	""	""	""	"2040"	"2"	""	""	""	""	""	""	""	""	
"402042"	"3"	""	""	""	""	""	"2040"	"3"	""	""	""	""	""	""	""	""	
"402043"	"3"	""	""	""	""	""	"2040"	"4"	""	""	""	""	""	""	""	""	
"402044"	"3"	""	""	""	""	""	"2040"	"5"	""	""	""	""	""	""	""	""	
"402050"	"3"	""	""	""	""	""	"2050"	"1"	""	""	""	""	""	""	""	""	
"402051"	"3"	""	""	""	""	""	"2050"	"2"	""	""	""	""	""	""	""	""	
"402052"	"3"	""	""	""	""	""	"2050"	"3"	""	""	""	""	""	""	""	""	
"402053"	"3"	""	""	""	""	""	"2050"	"4"	""	""	""	""	""	""	""	""	
"402054"	"3"	""	""	""	""	""	"2050"	"5"	""	""	""	""	""	""	""	""	
"402060"	"3"	""	""	""	""	""	"2060"	"1"	""	""	""	""	""	""	""	""	
"402061"	"3"	""	""	""	""	""	"2060"	"2"	""	""	""	""	""	""	""	""	
"402062"	"3"	""	""	""	""	""	"2060"	"3"	""	""	""	""	""	""	""	""	
"402063"	"3"	""	""	""	""	""	"2060"	"4"	""	""	""	""	""	""	""	""	
"402064"	"3"	""	""	""	""	""	"2060"	"5"	""	""	""	""	""	""	""	""	
"402070"	"3"	""	""	""	""	""	"2070"	"1"	""	""	""	""	""	""	""	""	
"402071"	"3"	""	""	""	""	""	"2070"	"2"	""	""	""	""	""	""	""	""	
"402072"	"3"	""	""	""	""	""	"2070"	"3"	""	""	""	""	""	""	""	""	
"402073"	"3"	""	""	""	""	""	"2070"	"4"	""	""	""	""	""	""	""	""	
"402074"	"3"	""	""	""	""	""	"2070"	"5"	""	""	""	""	""	""	""	""	
"402080"	"3"	""	""	""	""	""	"2080"	"1"	""	""	""	""	""	""	""	""	
"402081"	"3"	""	""	""	""	""	"2080"	"2"	""	""	""	""	""	""	""	""	
"402082"	"3"	""	""	""	""	""	"2080"	"3"	""	""	""	""	""	""	""	""	
"402083"	"3"	""	""	""	""	""	"2080"	"4"	""	""	""	""	""	""	""	""	
"402084"	"3"	""	""	""	""	""	"2080"	"5"	""	""	""	""	""	""	""	""	
"402090"	"3"	""	""	""	""	""	"2090"	"1"	""	""	""	""	""	""	""	""	
"402091"	"3"	""	""	""	""	""	"2090"	"2"	""	""	""	""	""	""	""	""	
"402092"	"3"	""	""	""	""	""	"2090"	"3"	""	""	""	""	""	""	""	""	
"402093"	"3"	""	""	""	""	""	"2090"	"4"	""	""	""	""	""	""	""	""	
"402094"	"3"	""	""	""	""	""	"2090"	"5"	""	""	""	""	""	""	""	""	
"402100"	"3"	""	""	""	""	""	"2100"	"1"	""	""	""	""	""	""	""	""	
"402101"	"3"	""	""	""	""	""	"2100"	"2"	""	""	""	""	""	""	""	""	
"402102"	"3"	""	""	""	""	""	"2100"	"3"	""	""	""	""	""	""	""	""	
"402103"	"3"	""	""	""	""	""	"2100"	"4"	""	""	""	""	""	""	""	""	
"402104"	"3"	""	""	""	""	""	"2100"	"5"	""	""	""	""	""	""	""	""	
"402110"	"3"	""	""	""	""	""	"2110"	"1"	""	""	""	""	""	""	""	""	
"402111"	"3"	""	""	""	""	""	"2110"	"2"	""	""	""	""	""	""	""	""	
"402112"	"3"	""	""	""	""	""	"2110"	"3"	""	""	""	""	""	""	""	""	
"402113"	"3"	""	""	""	""	""	"2110"	"4"	""	""	""	""	""	""	""	""	
"402114"	"3"	""	""	""	""	""	"2110"	"5"	""	""	""	""	""	""	""	""	
"402120"	"3"	""	""	""	""	""	"2120"	"1"	""	""	""	""	""	""	""	""	
"402121"	"3"	""	""	""	""	""	"2120"	"2"	""	""	""	""	""	""	""	""	
"402122"	"3"	""	""	""	""	""	"2120"	"3"	""	""	""	""	""	""	""	""	
"402123"	"3"	""	""	""	""	""	"2120"	"4"	""	""	""	""	""	""	""	""	
"402124"	"3"	""	""	""	""	""	"2120"	"5"	""	""	""	""	""	""	""	""	
"402130"	"3"	""	""	""	""	""	"2130"	"1"	""	""	""	""	""	""	""	""	
"402131"	"3"	""	""	""	""	""	"2130"	"2"	""	""	""	""	""	""	""	""	
"402132"	"3"	""	""	""	""	""	"2130"	"3"	""	""	""	""	""	""	""	""	
"402133"	"3"	""	""	""	""	""	"2130"	"4"	""	""	""	""	""	""	""	""	
"402134"	"3"	""	""	""	""	""	"2130"	"5"	""	""	""	""	""	""	""	""	
"402140"	"3"	""	""	""	""	""	"2140"	"1"	""	""	""	""	""	""	""	""	
"402141"	"3"	""	""	""	""	""	"2140"	"2"	""	""	""	""	""	""	""	""	
"402142"	"3"	""	""	""	""	""	"2140"	"3"	""	""	""	""	""	""	""	""	
"402143"	"3"	""	""	""	""	""	"2140"	"4"	""	""	""	""	""	""	""	""	
"402144"	"3"	""	""	""	""	""	"2140"	"5"	""	""	""	""	""	""	""	""	
"403000"	"3"	""	""	""	""	""	"3000"	"1"	""	""	""	""	""	""	""	""	
"403001"	"3"	""	""	""	""	""	"3000"	"2"	""	""	""	""	""	""	""	""	
"403002"	"3"	""	""	""	""	""	"3000"	"3"	""	""	""	""	""	""	""	""	
"403003"	"3"	""	""	""	""	""	"3000"	"4"	""	""	""	""	""	""	""	""	
"403004"	"3"	""	""	""	""	""	"3000"	"5"	""	""	""	""	""	""	""	""	
"403010"	"3"	""	""	""	""	""	"3010"	"1"	""	""	""	""	""	""	""	""	
"403011"	"3"	""	""	""	""	""	"3010"	"2"	""	""	""	""	""	""	""	""	
"403012"	"3"	""	""	""	""	""	"3010"	"3"	""	""	""	""	""	""	""	""	
"403013"	"3"	""	""	""	""	""	"3010"	"4"	""	""	""	""	""	""	""	""	
"403014"	"3"	""	""	""	""	""	"3010"	"5"	""	""	""	""	""	""	""	""	
"403020"	"3"	""	""	""	""	""	"3020"	"1"	""	""	""	""	""	""	""	""	
"403021"	"3"	""	""	""	""	""	"3020"	"2"	""	""	""	""	""	""	""	""	
"403022"	"3"	""	""	""	""	""	"3020"	"3"	""	""	""	""	""	""	""	""	
"403023"	"3"	""	""	""	""	""	"3020"	"4"	""	""	""	""	""	""	""	""	
"403024"	"3"	""	""	""	""	""	"3020"	"5"	""	""	""	""	""	""	""	""	
"403030"	"3"	""	""	""	""	""	"3030"	"1"	""	""	""	""	""	""	""	""	
"403031"	"3"	""	""	""	""	""	"3030"	"2"	""	""	""	""	""	""	""	""	
"403032"	"3"	""	""	""	""	""	"3030"	"3"	""	""	""	""	""	""	""	""	
"403033"	"3"	""	""	""	""	""	"3030"	"4"	""	""	""	""	""	""	""	""	
"403034"	"3"	""	""	""	""	""	"3030"	"5"	""	""	""	""	""	""	""	""	
"403040"	"3"	""	""	""	""	""	"3040"	"1"	""	""	""	""	""	""	""	""	
"403041"	"3"	""	""	""	""	""	"3040"	"2"	""	""	""	""	""	""	""	""	
"403042"	"3"	""	""	""	""	""	"3040"	"3"	""	""	""	""	""	""	""	""	
"403043"	"3"	""	""	""	""	""	"3040"	"4"	""	""	""	""	""	""	""	""	
"403044"	"3"	""	""	""	""	""	"3040"	"5"	""	""	""	""	""	""	""	""	
"403050"	"3"	""	""	""	""	""	"3050"	"1"	""	""	""	""	""	""	""	""	
"403051"	"3"	""	""	""	""	""	"3050"	"2"	""	""	""	""	""	""	""	""	
"403052"	"3"	""	""	""	""	""	"3050"	"3"	""	""	""	""	""	""	""	""	
"403053"	"3"	""	""	""	""	""	"3050"	"4"	""	""	""	""	""	""	""	""	
"403054"	"3"	""	""	""	""	""	"3050"	"5"	""	""	""	""	""	""	""	""	
"403060"	"3"	""	""	""	""	""	"3060"	"1"	""	""	""	""	""	""	""	""	
"403061"	"3"	""	""	""	""	""	"3060"	"2"	""	""	""	""	""	""	""	""	
"403062"	"3"	""	""	""	""	""	"3060"	"3"	""	""	""	""	""	""	""	""	
"403063"	"3"	""	""	""	""	""	"3060"	"4"	""	""	""	""	""	""	""	""	
"403064"	"3"	""	""	""	""	""	"3060"	"5"	""	""	""	""	""	""	""	""	
"403070"	"3"	""	""	""	""	""	"3070"	"1"	""	""	""	""	""	""	""	""	
"403071"	"3"	""	""	""	""	""	"3070"	"2"	""	""	""	""	""	""	""	""	
"403072"	"3"	""	""	""	""	""	"3070"	"3"	""	""	""	""	""	""	""	""	
"403073"	"3"	""	""	""	""	""	"3070"	"4"	""	""	""	""	""	""	""	""	
"403074"	"3"	""	""	""	""	""	"3070"	"5"	""	""	""	""	""	""	""	""	
"403100"	"3"	""	""	""	""	""	"3100"	"1"	""	""	""	""	""	""	""	""	
"403101"	"3"	""	""	""	""	""	"3100"	"2"	""	""	""	""	""	""	""	""	
"403102"	"3"	""	""	""	""	""	"3100"	"3"	""	""	""	""	""	""	""	""	
"403103"	"3"	""	""	""	""	""	"3100"	"4"	""	""	""	""	""	""	""	""	
"403104"	"3"	""	""	""	""	""	"3100"	"5"	""	""	""	""	""	""	""	""	
"403110"	"3"	""	""	""	""	""	"3110"	"1"	""	""	""	""	""	""	""	""	
"403111"	"3"	""	""	""	""	""	"3110"	"2"	""	""	""	""	""	""	""	""	
"403112"	"3"	""	""	""	""	""	"3110"	"3"	""	""	""	""	""	""	""	""	
"403113"	"3"	""	""	""	""	""	"3110"	"4"	""	""	""	""	""	""	""	""	
"403114"	"3"	""	""	""	""	""	"3110"	"5"	""	""	""	""	""	""	""	""	
"403120"	"3"	""	""	""	""	""	"3120"	"1"	""	""	""	""	""	""	""	""	
"403121"	"3"	""	""	""	""	""	"3120"	"2"	""	""	""	""	""	""	""	""	
"403122"	"3"	""	""	""	""	""	"3120"	"3"	""	""	""	""	""	""	""	""	
"403123"	"3"	""	""	""	""	""	"3120"	"4"	""	""	""	""	""	""	""	""	
"403124"	"3"	""	""	""	""	""	"3120"	"5"	""	""	""	""	""	""	""	""	
"403140"	"3"	""	""	""	""	""	"3140"	"1"	""	""	""	""	""	""	""	""	
"403141"	"3"	""	""	""	""	""	"3140"	"2"	""	""	""	""	""	""	""	""	
"403142"	"3"	""	""	""	""	""	"3140"	"3"	""	""	""	""	""	""	""	""	
"403143"	"3"	""	""	""	""	""	"3140"	"4"	""	""	""	""	""	""	""	""	
"403144"	"3"	""	""	""	""	""	"3140"	"5"	""	""	""	""	""	""	""	""	
"403150"	"3"	""	""	""	""	""	"3150"	"1"	""	""	""	""	""	""	""	""	
"403151"	"3"	""	""	""	""	""	"3150"	"2"	""	""	""	""	""	""	""	""	
"403152"	"3"	""	""	""	""	""	"3150"	"3"	""	""	""	""	""	""	""	""	
"403153"	"3"	""	""	""	""	""	"3150"	"4"	""	""	""	""	""	""	""	""	
"403154"	"3"	""	""	""	""	""	"3150"	"5"	""	""	""	""	""	""	""	""	
"403160"	"3"	""	""	""	""	""	"3160"	"1"	""	""	""	""	""	""	""	""	
"403161"	"3"	""	""	""	""	""	"3160"	"2"	""	""	""	""	""	""	""	""	
"403162"	"3"	""	""	""	""	""	"3160"	"3"	""	""	""	""	""	""	""	""	
"403163"	"3"	""	""	""	""	""	"3160"	"4"	""	""	""	""	""	""	""	""	
"403164"	"3"	""	""	""	""	""	"3160"	"5"	""	""	""	""	""	""	""	""	
"403170"	"3"	""	""	""	""	""	"3170"	"1"	""	""	""	""	""	""	""	""	
"403171"	"3"	""	""	""	""	""	"3170"	"2"	""	""	""	""	""	""	""	""	
"403172"	"3"	""	""	""	""	""	"3170"	"3"	""	""	""	""	""	""	""	""	
"403173"	"3"	""	""	""	""	""	"3170"	"4"	""	""	""	""	""	""	""	""	
"403174"	"3"	""	""	""	""	""	"3170"	"5"	""	""	""	""	""	""	""	""	
"500004"	"5"	""	""	""	""	""	""	""	"500000"	""	""	""	""	""	""	""	
"500005"	"5"	""	""	""	""	""	""	""	"500001"	""	""	""	""	""	""	""	
"500006"	"5"	""	""	""	""	""	""	""	"500002"	""	""	""	""	""	""	""	
"500007"	"5"	""	""	""	""	""	""	""	"500003"	""	""	""	""	""	""	""	
"500008"	"5"	""	""	""	""	""	""	""	"500004"	""	""	""	""	""	""	""	
"500014"	"5"	""	""	""	""	""	""	""	"500010"	""	""	""	""	""	""	""	
"500015"	"5"	""	""	""	""	""	""	""	"500011"	""	""	""	""	""	""	""	
"500016"	"5"	""	""	""	""	""	""	""	"500012"	""	""	""	""	""	""	""	
"500017"	"5"	""	""	""	""	""	""	""	"500013"	""	""	""	""	""	""	""	
"500018"	"5"	""	""	""	""	""	""	""	"500014"	""	""	""	""	""	""	""	
"500024"	"5"	""	""	""	""	""	""	""	"500020"	""	""	""	""	""	""	""	
"500025"	"5"	""	""	""	""	""	""	""	"500021"	""	""	""	""	""	""	""	
"500026"	"5"	""	""	""	""	""	""	""	"500022"	""	""	""	""	""	""	""	
"500027"	"5"	""	""	""	""	""	""	""	"500023"	""	""	""	""	""	""	""	
"500028"	"5"	""	""	""	""	""	""	""	"500024"	""	""	""	""	""	""	""	
"500034"	"0"	"90"	"3"	"0.030000"	""	""	""	""	""	""	""	""	""	""	""	""	
"500035"	"0"	"90"	"3"	"0.060000"	""	""	""	""	""	""	""	""	""	""	""	""	
"500036"	"0"	"90"	"3"	"0.090000"	""	""	""	""	""	""	""	""	""	""	""	""	
"500037"	"0"	"90"	"3"	"0.120000"	""	""	""	""	""	""	""	""	""	""	""	""	
"500038"	"0"	"90"	"3"	"0.150000"	""	""	""	""	""	""	""	""	""	""	""	""	
"500044"	"1"	""	""	""	"500044"	""	""	""	""	""	""	""	""	""	""	""	
"500045"	"1"	""	""	""	"500045"	""	""	""	""	""	""	""	""	""	""	""	
"500046"	"1"	""	""	""	"500046"	""	""	""	""	""	""	""	""	""	""	""	
"500047"	"1"	""	""	""	"500047"	""	""	""	""	""	""	""	""	""	""	""	
"500048"	"1"	""	""	""	"500048"	""	""	""	""	""	""	""	""	""	""	""	
"500050"	"0"	"61"	"0"	"1.000000"	""	""	""	""	""	""	""	""	""	""	""	""	
"500051"	"0"	"61"	"0"	"1.000000"	""	""	""	""	""	""	""	""	""	""	""	""	
"500052"	"0"	"61"	"0"	"1.000000"	""	""	""	""	""	""	""	""	""	""	""	""	
"500053"	"0"	"61"	"0"	"1.000000"	""	""	""	""	""	""	""	""	""	""	""	""	
"500054"	"0"	"62"	"0"	"0.010000"	""	""	""	""	""	""	""	""	""	""	""	""	
"500055"	"0"	"62"	"0"	"0.020000"	""	""	""	""	""	""	""	""	""	""	""	""	
"500056"	"0"	"62"	"0"	"0.030000"	""	""	""	""	""	""	""	""	""	""	""	""	
"500057"	"0"	"62"	"0"	"0.040000"	""	""	""	""	""	""	""	""	""	""	""	""	
"500058"	"0"	"62"	"0"	"0.050000"	""	""	""	""	""	""	""	""	""	""	""	""	
"500059"	"0"	"61"	"0"	"1.000000"	""	""	""	""	""	""	""	""	""	""	""	""	
"500064"	"1"	""	""	""	"500064"	""	""	""	""	""	""	""	""	""	""	""	
"500065"	"1"	""	""	""	"500065"	""	""	""	""	""	""	""	""	""	""	""	
"500066"	"1"	""	""	""	"500066"	""	""	""	""	""	""	""	""	""	""	""	
"500067"	"1"	""	""	""	"500067"	""	""	""	""	""	""	""	""	""	""	""	
"500068"	"1"	""	""	""	"500068"	""	""	""	""	""	""	""	""	""	""	""	
"500074"	"0"	"14"	"1"	"0.010000"	""	""	""	""	""	""	""	""	""	""	""	""	
"500075"	"0"	"14"	"1"	"0.020000"	""	""	""	""	""	""	""	""	""	""	""	""	
"500076"	"0"	"14"	"1"	"0.030000"	""	""	""	""	""	""	""	""	""	""	""	""	
"500077"	"0"	"14"	"1"	"0.040000"	""	""	""	""	""	""	""	""	""	""	""	""	
"500078"	"0"	"14"	"1"	"0.050000"	""	""	""	""	""	""	""	""	""	""	""	""	
"500084"	"0"	"7"	"1"	"0.020000"	""	""	""	""	""	""	""	""	""	""	""	""	
"500085"	"0"	"7"	"1"	"0.040000"	""	""	""	""	""	""	""	""	""	""	""	""	
"500086"	"0"	"7"	"1"	"0.060000"	""	""	""	""	""	""	""	""	""	""	""	""	
"500087"	"0"	"7"	"1"	"0.080000"	""	""	""	""	""	""	""	""	""	""	""	""	
"500088"	"0"	"7"	"1"	"0.100000"	""	""	""	""	""	""	""	""	""	""	""	""	
"1001"	"0"	"6"	"1"	"0.500000"	""	""	""	""	""	""	""	""	""	""	""	""	
"1002"	"0"	"13"	"0"	"0.300000"	""	""	""	""	""	""	""	""	""	""	""	""	
"1003"	"0"	"83"	"0"	"0.300000"	""	""	""	""	""	""	""	""	""	""	""	""	
"1011"	"0"	"63"	"1"	"-0.500000"	""	""	""	""	""	""	""	""	""	""	""	""	
"1012"	"1"	""	""	""	"1012"	""	""	""	""	""	""	""	""	""	""	""	
"1013"	"0"	"81"	"0"	"0.500000"	""	""	""	""	""	""	""	""	""	""	""	""	
"1021"	"0"	"63"	"1"	"0.400000"	""	""	""	""	""	""	""	""	""	""	""	""	
"1022"	"0"	"12"	"1"	"-0.200000"	""	""	""	""	""	""	""	""	""	""	""	""	
"1031"	"0"	"12"	"1"	"-0.200000"	""	""	""	""	""	""	""	""	""	""	""	""	
"1032"	"0"	"83"	"0"	"0.300000"	""	""	""	""	""	""	""	""	""	""	""	""	
"1033"	"0"	"17"	"0"	"0.500000"	""	""	""	""	""	""	""	""	""	""	""	""	
"1041"	"0"	"6"	"1"	"1.000000"	""	""	""	""	""	""	""	""	""	""	""	""	
"1042"	"1"	""	""	""	"1042"	""	""	""	""	""	""	""	""	""	""	""	
"2001"	"1"	""	""	""	"2001"	""	""	""	""	""	""	""	""	""	""	""	
"2011"	"0"	"118"	"0"	"0.200000"	""	""	""	""	""	""	""	""	""	""	""	""	
"2012"	"1"	""	""	""	"2012"	""	""	""	""	""	""	""	""	""	""	""	
"2021"	"0"	"117"	"0"	"0.200000"	""	""	""	""	""	""	""	""	""	""	""	""	
"2022"	"5"	""	""	""	""	""	""	""	"5010"	"1"	""	""	""	""	""	""	
"2031"	"0"	"119"	"0"	"0.200000"	""	""	""	""	""	""	""	""	""	""	""	""	
"2032"	"5"	""	""	""	""	""	""	""	"5000"	"1"	""	""	""	""	""	""	
"2041"	"0"	"117"	"0"	"0.400000"	""	""	""	""	""	""	""	""	""	""	""	""	
"2042"	"0"	"118"	"0"	"0.400000"	""	""	""	""	""	""	""	""	""	""	""	""	
"2043"	"0"	"119"	"0"	"0.400000"	""	""	""	""	""	""	""	""	""	""	""	""	
"2051"	"0"	"63"	"1"	"0.400000"	""	""	""	""	""	""	""	""	""	""	""	""	
"2061"	"0"	"82"	"0"	"0.300000"	""	""	""	""	""	""	""	""	""	""	""	""	
"2062"	"1"	""	""	""	"2062"	""	""	""	""	""	""	""	""	""	""	""	
"2071"	"0"	"81"	"0"	"0.300000"	""	""	""	""	""	""	""	""	""	""	""	""	
"2072"	"1"	""	""	""	"2072"	""	""	""	""	""	""	""	""	""	""	""	
"2081"	"1"	""	""	""	"2081"	""	""	""	""	""	""	""	""	""	""	""	
"2091"	"1"	""	""	""	"2091"	""	""	""	""	""	""	""	""	""	""	""	
"2101"	"5"	""	""	""	""	""	""	""	"5020"	"1"	""	""	""	""	""	""	
"3000"	"5"	""	""	""	""	""	""	""	"32000"	"1"	""	""	""	""	""	""	
"3010"	"5"	""	""	""	""	""	""	""	"32001"	"1"	""	""	""	""	""	""	
"3020"	"5"	""	""	""	""	""	""	""	"32002"	"1"	""	""	""	""	""	""	
"3030"	"5"	""	""	""	""	""	""	""	"32003"	"1"	""	""	""	""	""	""	
"3040"	"5"	""	""	""	""	""	""	""	"32004"	"1"	""	""	""	""	""	""	
"5000"	"4"	""	""	""	""	""	""	"1"	""	""	""	""	""	""	""	""	
"5001"	"3"	""	""	""	""	""	"1000"	"5"	""	""	""	""	""	""	""	""	
"99999"	"5"	""	""	""	""	""	""	""	"1130"	"1"	""	""	""	""	""	""	
"60500"	"0"	"6"	"0"	"2000.000000"	""	""	""	""	""	""	""	""	""	""	""	""	
"60501"	"0"	"2"	"0"	"50.000000"	""	""	""	""	""	""	""	""	""	""	""	""	
"60502"	"5"	""	""	""	""	""	""	""	"60500"	"1"	""	""	""	""	""	""	
"60510"	"0"	"6"	"0"	"3000.000000"	""	""	""	""	""	""	""	""	""	""	""	""	
"60511"	"0"	"2"	"0"	"80.000000"	""	""	""	""	""	""	""	""	""	""	""	""	
"60512"	"5"	""	""	""	""	""	""	""	"60510"	"1"	""	""	""	""	""	""	
"60520"	"0"	"6"	"0"	"5000.000000"	""	""	""	""	""	""	""	""	""	""	""	""	
"60521"	"0"	"2"	"0"	"120.000000"	""	""	""	""	""	""	""	""	""	""	""	""	
"60522"	"0"	"3"	"0"	"120.000000"	""	""	""	""	""	""	""	""	""	""	""	""	
"60523"	"5"	""	""	""	""	""	""	""	"60520"	"1"	""	""	""	""	""	""	
"60530"	"0"	"6"	"0"	"8000.000000"	""	""	""	""	""	""	""	""	""	""	""	""	
"60531"	"0"	"2"	"0"	"180.000000"	""	""	""	""	""	""	""	""	""	""	""	""	
"60532"	"0"	"3"	"0"	"180.000000"	""	""	""	""	""	""	""	""	""	""	""	""	
"60533"	"5"	""	""	""	""	""	""	""	"60530"	"1"	""	""	""	""	""	""	
"60540"	"0"	"6"	"0"	"15000.000000"	""	""	""	""	""	""	""	""	""	""	""	""	
"60541"	"0"	"2"	"0"	"280.000000"	""	""	""	""	""	""	""	""	""	""	""	""	
"60542"	"0"	"3"	"0"	"280.000000"	""	""	""	""	""	""	""	""	""	""	""	""	
"60543"	"0"	"50"	"0"	"100.000000"	""	""	""	""	""	""	""	""	""	""	""	""	
"60544"	"5"	""	""	""	""	""	""	""	"60540"	"1"	""	""	""	""	""	""	
